ID,COMPONENT CODE,TRUCK CODE,LABOR OPERATION DESCRIPTION,ERT
1,1,LLV,"CABLE, DEFROST - REPLACE",0.30
2,1,LLV,"CABLE, HEATER RECIRCULATION - REPLACE/ADJUST",0.60
3,1,LLV,"CABLE, TEMP CONTROL - REPLACE/ADJUST",0.50
4,1,LLV,"CAP, HEATER PLENUM - REPLACE",1.10
5,1,LLV,"CORE, HEATER - REPLACE",1.10
6,1,LLV,"DUCT, OUTSIDE / FRESH AIR - REPLACE",0.20
7,1,LLV,HEATER CONTROL KNOB- REPLACE,0.20
8,1,LLV,"HOSE, HEATER - REPLACE EACH",0.30
9,1,LLV,"KNOB, HEATER CONTROL - REPLACE",0.20
10,1,LLV,"MOTOR, HEATER BLOWER - REPLACE",0.70
11,1,LLV,"PANEL, HEATER CONTROL - REPLACE",0.30
12,1,LLV,"PLENUM, FRESH AIR INTAKE - REPLACE",1.60
13,1,LLV,"PLENUM, HEATER - REPLACE",1.00
14,1,LLV,"RESISTOR, HEATER MOTOR - REPLACE",0.30
15,1,LLV,"SWITCH, HEATER / BLOWER MOTOR - REPLACE",0.30
16,1,LLV,"VALVE, HEATER CONTROL - REPLACE/ADJUST",0.40
17,2,LLV,A-POST R/L SIDE - REPLACE,1.00
18,2,LLV,"A-POST R/L SIDE, SEAL - REPLACE",0.30
19,2,LLV,"ARM, WINDSHIELD WIPER - REPLACE",0.20
20,2,LLV,BATTERY TRAY,0.50
21,2,LLV,"BODY MOUNT AND/OR BOLT, REPLACE - ONE",0.20
22,2,LLV,B-POST L/R - REPLACE,2.00
23,2,LLV,BULKHEAD DOOR LATCH ASSY - REPLACE,0.30
24,2,LLV,BULKHEAD DOOR ROLLER ASSY - REPLACE,1.00
25,2,LLV,BULKHEAD DOOR STRIKER ASSY - REPLACE,0.20
26,2,LLV,BULKHEAD DOOR TRACK - REPLACE,0.90
27,2,LLV,BUMPER F/R - REPLACE,1.00
28,2,LLV,BUMPER F/R- L/S BRACKET EACH,1.20
29,2,LLV,"BUMPER, BULKHEAD DOOR - REPLACE",0.40
30,2,LLV,"CABLE, HOOD RELEASE - REPLACE",0.30
31,2,LLV,CASTING DOOR TRACK - REPLACE,0.30
32,2,LLV,"CATCH, HOOD SAFETY - REPLACE",0.20
33,2,LLV,CORNER CASTING - REPLACE,1.00
34,2,LLV,COUNTERBALANCE ASSY - REPLACE,0.40
35,2,LLV,COUNTERBALANCE CABLE - REPLACE,0.20
36,2,LLV,"DOOR, BULKHEAD - REPLACE",1.40
37,2,LLV,FENDER LINER R/L- REPLACE,0.30
38,2,LLV,FLOOR MAT - REPLACE,1.00
39,2,LLV,FLOOR MAT PARTIAL - REPLACE,0.40
40,2,LLV,FUEL FILL DOOR ASSY- REPLACE,0.20
41,2,LLV,GUARD REAR CONNER - REPLACE,1.00
42,2,LLV,GUSSET 2 REQUIRED,0.50
43,2,LLV,HEADLIGHT BEZEL - REPLACE,0.20
44,2,LLV,"HINGE, HOOD - REPLACE",0.40
45,2,LLV,HOOD ASSY - REPLACE,0.30
46,2,LLV,KICK GUARD - REPLACE,0.20
47,2,LLV,"LATCH, HOOD - REPLACE",0.30
48,2,LLV,"LINKAGE, WINDSHIELD WIPER - REPLACE",0.60
49,2,LLV,LOCK ASSY - SIDE OR REAR OR BULKHEAD - REPLACE EAC,0.30
50,2,LLV,LOCK SET,1.50
51,2,LLV,MAIL TRAY ASSY COMPLETE - REPLACE,1.00
52,2,LLV,MAIL TRAY HANDLE - REPLACE,0.30
53,2,LLV,MAIL TRAY PEDESTAL . PAN - REPLACE,0.20
54,2,LLV,MAIL TRAY SLIDE - REPLACE,0.30
55,2,LLV,MAIL TRAY SPIDER LEG ASSY - REPLACE,0.50
56,2,LLV,MAIL TRAY TOP - REPLACE,0.30
57,2,LLV,MIRROR - REPLACE EACH,0.20
58,2,LLV,MIRROR BRACKET - REPLACE EACH,0.20
59,2,LLV,"MOTOR, WINDSHIELD WIPER - REPLACE",1.40
60,2,LLV,MUD FLAP - REPLACE EACH,0.20
61,2,LLV,PAINT - GRILL,0.60
62,2,LLV,PAINT DOOR L/R FIRST STAGE,1.50
63,2,LLV,PAINT FLOOR CARGO AREA-COMP STRIP/REPAINT,2.00
64,2,LLV,PAINT FLOOR CARGO AREA-SPOT REPAIR STRIP/REPAIR,0.50
65,2,LLV,PAINT FRONT CORNER-COLOR COAT,0.50
66,2,LLV,PAINT FRONT CORNER-REFINISH,0.50
67,2,LLV,PAINT FRONT DOOR BELOW STRIPE-COLOR COAT,0.80
68,2,LLV,PAINT FRONT DOOR BELOW STRIPE-REFINISH,1.10
69,2,LLV,PAINT FRONT DOOR BELOW STRIPE-SPOT/PARTIAL,0.50
70,2,LLV,PAINT FRONT DOOR COMPLETE-COLOR COAT,1.10
71,2,LLV,PAINT FRONT DOOR COMPLETE-REFINISH,1.30
72,2,LLV,PAINT FRONT DOOR COMPLETE-SPOT/PARTIAL,0.50
73,2,LLV,PAINT FRONT DOOR WINDOW FRAME-COAT,0.90
74,2,LLV,PAINT FRONT DOOR WINDOW FRAME-COLOR COAT,0.80
75,2,LLV,PAINT FRONT DOOR WINDOW FRAME-SPOT/PARTIAL,0.50
76,2,LLV,PAINT FRONT END PANEL-COLOR COAT,0.80
77,2,LLV,PAINT FRONT END PANEL-REFINISH,1.00
78,2,LLV,PAINT FRONT END PANEL-SPOT/PARTIAL,0.50
79,2,LLV,PAINT FRONT FENDER-COLOR COAT,1.00
80,2,LLV,PAINT FRONT FENDER-REFINISH,1.20
81,2,LLV,PAINT FRONT FENDER-SPOT/PARTIAL,0.50
82,2,LLV,PAINT FRONT QUARTER GLASS-COLOR COAT,0.70
83,2,LLV,PAINT FRONT QUARTER GLASS-REFINISH,0.90
84,2,LLV,PAINT FRONT QUARTER GLASS-SPOT/PARTIAL,0.50
85,2,LLV,PAINT FUEL FILLER DOOR-COLOR COAT,0.30
86,2,LLV,PAINT FUEL FILLER DOOR-REFINISH,0.40
87,2,LLV,PAINT HOOD-COLOR COAT,0.90
88,2,LLV,PAINT HOOD-REFINISH,1.20
89,2,LLV,PAINT HOOD-SPOT/PARTIAL,0.50
90,2,LLV,PAINT REAR QUARTER BELOW STRIPE-COLOR COAT,1.20
91,2,LLV,PAINT REAR QUARTER BELOW STRIPE-REFINISH,1.40
92,2,LLV,PAINT REAR QUARTER BELOW STRIPE-SPOT/PARTIAL,0.50
93,2,LLV,PAINT REAR QUARTER ROOF TO STRIPE-COLOR COAT,1.30
94,2,LLV,PAINT REAR QUARTER ROOF TO STRIPE-REFINISH,1.60
95,2,LLV,PAINT REAR QUARTER ROOF TO STRIPE-SPOT/PARTIAL,0.50
96,2,LLV,PAINT REAR DOOR ABOVE STRIPE-COLOR COAT,1.00
97,2,LLV,PAINT REAR DOOR ABOVE STRIPE-REFINISH,1.30
98,2,LLV,PAINT REAR DOOR ABOVE STRIPE-SPOT/REPAIR,0.50
99,2,LLV,PAINT REAR DOOR BELOW STRIPE-COLOR COAT,0.80
100,2,LLV,PAINT REAR DOOR BELOW STRIPE-REFINISH,0.90
101,2,LLV,PAINT REAR DOOR BELOW STRIPE-SPOT/REPAIR,0.50
102,2,LLV,PAINT REAR DOOR COMPLETE-COLOR COAT,1.10
103,2,LLV,PAINT REAR DOOR COMPLETE-REFINISH,1.40
104,2,LLV,PAINT REAR DOOR COMPLETE-SPOT/REPAIR,0.50
105,2,LLV,PAINT REAR PANEL BELOW DOOR-COLOR COAT,0.60
106,2,LLV,PAINT REAR PANEL BELOW DOOR-REFINISH,0.70
107,2,LLV,PAINT ROOF CENTER-COLOR COAT,2.90
108,2,LLV,PAINT ROOF CENTER-REFINISH,3.70
109,2,LLV,PAINT ROOF CENTER-SPOT/PARTIAL,0.50
110,2,LLV,PAINT ROOF FRONT-COLOR COAT,0.70
111,2,LLV,PAINT ROOF FRONT-REFINISH,0.80
112,2,LLV,PAINT ROOF FRONT-SPOT/PARTIAL,0.50
113,2,LLV,PAINT ROOF REAR-COLOR COAT,0.70
114,2,LLV,PAINT ROOF REAR-REFINISH,0.80
115,2,LLV,PAINT ROOF REAR-SPOT/PARTIAL,0.50
116,2,LLV,PAINT UPPER COWL AND/OR GRILL - COLOR COAT,0.70
117,2,LLV,PAINT UPPER COWL AND/OR GRILL - REFINISH,0.80
118,2,LLV,PAINT UPPER COWL AND/OR GRILL - SPOT/PARTIAL,0.50
119,2,LLV,PAINT VEHICLE,24.00
120,2,LLV,PAINT VENT REAR QTR-COLOR COAT,0.40
121,2,LLV,PAINT VENT REAR QTR-REFINISH,0.40
122,2,LLV,PANEL FRONT STEP R/L - REPLACE,1.00
123,2,LLV,"PANEL, FRONT W/ GRILL INSERT & HEADLAMPS - REPLACE",0.70
124,2,LLV,"PANEL, SIDE BODY - REPLACE",8.70
125,2,LLV,"PIVOT, LEFT WINDSHIELD WIPER - REPLACE",2.20
126,2,LLV,"PIVOT, RIGHT WINDSHIELD WIPER - REPLACE",0.90
127,2,LLV,PUMP WINDSHIELD WASHER - REPLACE,0.20
128,2,LLV,REAR DOOR ASSY - REPLACE,1.00
129,2,LLV,REAR DOOR LATCH - REPLACE,0.40
130,2,LLV,REAR DOOR LATCH CONTROL - REPLACE,0.70
131,2,LLV,REAR DOOR LATCH STRIKER - REPLACE,0.30
132,2,LLV,REAR DOOR LOCK CABLE - REPLACE,0.30
133,2,LLV,REAR DOOR LOCK PANEL COVER - REPLACE,0.50
134,2,LLV,REAR DOOR ROLLERS - REPLACE - ALL,0.80
135,2,LLV,REAR DOOR TRACK - REPLACE - ONE,1.60
136,2,LLV,REAR DOOR WEATHER-STRIP/SEALS - REPLACE - ONE,0.20
137,2,LLV,"ROD, HOOD PROP - REPLACE",0.20
138,2,LLV,ROOF ASSY - REPLACE,12.50
139,2,LLV,ROOF SEAMS - REPAIR,0.30
140,2,LLV,SEAT - REPLACE,0.30
141,2,LLV,SEAT ADJUSTOR SLIDE - REPLACE,0.30
142,2,LLV,SEAT BELT ASSY - LAP BELT - REPLACE,0.30
143,2,LLV,SEAT BELT ASSY - SHOULDER BELT - REPLACE,0.40
144,2,LLV,SEAT COVER - REPLACE,0.50
145,2,LLV,SHIFTER INDICATOR / PRNDL- REPLACE,0.60
146,2,LLV,SIDE DOOR ASSY - REPLACE,0.30
147,2,LLV,SIDE DOOR GLASS - REPLACE,0.80
148,2,LLV,SIDE DOOR GLASS WEATHER STRIP - REPLACE,0.70
149,2,LLV,SIDE DOOR LATCH ASSY - REPLACE,0.30
150,2,LLV,SIDE DOOR ROLLER ASSY - REPLACE,0.60
151,2,LLV,SIDE DOOR ROLLER TRACK - REPLACE,0.90
152,2,LLV,SIDE DOOR STRIKER - REPLACE - ONE,0.20
153,2,LLV,SIDE DOOR WEATHER-STRIP/SEALS - REPLACE - ONE,0.20
154,2,LLV,SIDE DOOR WINDOW CRANK HANDLE - REPLACE,0.20
155,2,LLV,SIDE DOOR WINDOW REGULATOR - REPLACE,1.00
156,2,LLV,SILL OR STEP WELL PLATE / COVER KIT - INSTALL,0.30
157,2,LLV,SILL STEP OR STEP WELL - REPLACE,1.00
158,2,LLV,SKIRT PANEL FRONT - REPLACE,0.30
159,2,LLV,SPLASH GUARDS,0.20
160,2,LLV,STIFFENER FORWARD WHEEL BOX R/L,0.50
161,2,LLV,STRIPE AND/OR DECAL - REPLACE,0.30
162,2,LLV,"SUPPORT, RADIATOR - REPLACE",0.80
163,2,LLV,VENT PANEL SIDE - REPLACE,0.40
164,2,LLV,"VISOR, SUN - REPLACE",0.20
165,2,LLV,WHEEL BOX - REPLACE,3.90
166,2,LLV,WINDSHIELD GLASS CORNER STAMPING - REPLACE,2.00
167,2,LLV,WINDSHIELD GLASS FRONT - REPLACE,1.60
168,2,LLV,WINDSHIELD GLASS FRONT - RESEAL,0.60
169,2,LLV,WINDSHIELD SIDE GLASS - REPLACE,0.30
170,2,LLV,WINDSHIELD SIDE GLASS - RESEAL,0.30
171,2,LLV,WINDSHIELD WASHER HOSE/CLIPS/SOLVENT - REPLACE,0.80
172,2,LLV,WINDSHIELD WASHER RESERVOIR / TANK - REPLACE,0.20
173,2,LLV,WIPER BLADE - REPLACE,0.20
174,3,LLV,"BOARD, PRINTED CIRCUIT - REPLACE",0.60
175,3,LLV,"CABLE, SPEEDOMETER - REPLACE",0.80
176,3,LLV,"GAUGE, FUEL - REPLACE",0.30
177,3,LLV,"GAUGE, OIL PRESSURE - REPLACE",0.30
178,3,LLV,"GAUGE, TEMPERATURE - REPLACE",0.30
179,3,LLV,"HEAD, SPEEDOMETER - REPLACE",0.30
180,3,LLV,INSTRUMENT PANEL BRACKET,0.20
181,3,LLV,INSTRUMENT PANEL LENS AND/OR BEZEL - REPLACE,0.30
182,3,LLV,"SWITCH, COOLANT TEMP - REPLACE",0.40
183,3,LLV,"SWITCH, OIL PRESSURE - REPLACE",0.30
184,3,LLV,VOLTMETER - REPLACE,0.30
185,13,LLV,BLEED BRAKES,0.40
186,13,LLV,BRAKE BACKING PLATE - REPLACE - BOTH,2.00
187,13,LLV,BRAKE BACKING PLATE - REPLACE - ONE,1.40
188,13,LLV,BRAKE BOOSTER - REPLACE,0.50
189,13,LLV,BRAKE CALIPER - REPLACE - INCLUDES BLEED,0.80
190,13,LLV,BRAKE CALIPER - REPLACE BOTH - INCLUDES BLEED,1.10
191,13,LLV,BRAKE COMBO VALVE - REPLACE - INCLUDES BLEED,0.80
192,13,LLV,"BRAKE DRUM, RESURFACE - BOTH",0.70
193,13,LLV,"BRAKE DRUM, RESURFACE - EACH",0.40
194,13,LLV,BRAKE FRONT PADS - REPLACE - BOTH SIDES,0.90
195,13,LLV,BRAKE FRONT ROTOR - REPLACE BOTH,0.50
196,13,LLV,BRAKE FRONT ROTOR - REPLACE ONE,0.30
197,13,LLV,BRAKE FRONT ROTORS & PADS - REPLACE - BOTH SIDES,1.40
198,13,LLV,"BRAKE FRONT ROTORS, PADS, & CALIPERS - REPLACE - BC",2.00
199,13,LLV,"BRAKE HOSE, FRONT - REPLACE BOTH",0.90
200,13,LLV,"BRAKE HOSE, FRONT - REPLACE ONE",0.70
201,13,LLV,"BRAKE HOSE, REAR - REPLACE",0.30
202,13,LLV,"BRAKE LINE, AXLE HSG JUNCT BOX TO REAR WHEEL CYL -",0.60
203,13,LLV,"BRAKE LINE, COMBO VALVE TO FRONT JUNCT BOX - REPLY",0.80
204,13,LLV,"BRAKE LINE, FRONT TO REAR - REPLACE",1.00
205,13,LLV,"BRAKE LINE, MASTER CYL TO COMBO VALVE FRONT - REP",0.60
206,13,LLV,"BRAKE LINE, MASTER CYL TO COMBO VALVE REAR - REPL,",0.60
207,13,LLV,"BRAKE LINE, TEE/COMBO TO FRONT HOSE - REPLACE - ON",0.90
208,13,LLV,BRAKE MASTER CYLINDER - REPLACE,0.60
209,13,LLV,BRAKE PARK - ADJUST,0.30
210,13,LLV,BRAKE PARK EQUALIZER - REPLACE,0.40
211,13,LLV,BRAKE PARK LEVER - REPLACE,0.30
212,13,LLV,BRAKE PEDAL - REPLACE,0.60
213,13,LLV,BRAKE PEDAL PAD - REPLACE,0.20
214,13,LLV,BRAKE PEDAL SUPPORT BRACKET - REPLACE,1.30
215,13,LLV,BRAKE REAR DRUM - REPLACE. L30 T H,0.60
216,13,LLV,BRAKE REAR DRUM - REPLACE ONE,0.40
217,13,LLV,BRAKE REAR DRUMS & SHOES - REPLACE - BOTH,1.50
218,13,LLV,BRAKE REAR SELF ADJUSTER - REPLACE - BOTH,0.50
219,13,LLV,BRAKE REAR SHOE SPRINGS RETURN & HOLD DOWN - REF,0.70
220,13,LLV,BRAKE REAR SHOES - REPLACE - BOTH,0.90
221,13,LLV,"BRAKE ROTOR, RESURFACE - EACH",0.70
222,13,LLV,BRAKE WHEEL CYLINDER - REPLACE - BOTH,1.10
223,13,LLV,BRAKE WHEEL CYLINDER - REPLACE - ONE,0.80
224,13,LLV,"CABLE, PARK BRAKE FRONT - REPLACE",0.70
225,13,LLV,"CABLE, PARK BRAKE INTERMEDIATE - REPLACE",0.40
226,13,LLV,"CABLE, PARK BRAKE REAR - REPLACE - BOTH",1.10
227,13,LLV,"CABLE, PARK BRAKE REAR - REPLACE - ONE",0.70
228,13,LLV,"SEAL, FRONT ROTOR DUST - REPLACE - DOES NOT INCLUD",0.20
229,14,LLV,FRAME ASSEMBLY - REPAIR,1.00
230,14,LLV,FRAME ASSEMBLY - REPLACE,24.00
231,14,LLV,FRAME CROSS MEMBER - REPAIR,0.50
232,15,LLV,"BEARING, STEERING SHAFT HOUSING - REPLACE",0.90
233,15,LLV,"BRACKET, POWER STEERING PUMP MOUNTING - REPLACE",0.80
234,15,LLV,"GEAR ASSEMBLY, POWER STEERING - REPLACE",1.20
235,15,LLV,"HOSE, POWER STEERING PRESSURE - REPLACE",0.70
236,15,LLV,"HOSE, POWER STEERING RETURN - REPLACE",0.70
237,15,LLV,IDLER ARM - REPLACE,0.70
238,15,LLV,"KNUCKLE ASSEMBLY, STEERING - REPLACE - ONE",1.30
239,15,LLV,PITMAN ARM - REPLACE,0.40
240,15,LLV,"PUMP, POWER STEERING - REPLACE",0.90
241,15,LLV,"ROD, STEERING INTERMEDIATE / RELAY - REPLACE",0.90
242,15,LLV,"SEAL, POWER STEERING PUMP SHAFT, OIL - REPLACE",0.60
243,15,LLV,"SEAL, SECTOR SHAFT / PITMAN - REPLACE",0.90
244,15,LLV,"SHAFT, INTERMEDIATE STEERING - REPLACE",0.50
245,15,LLV,"SHAFT, STEERING UPPER - REPLACE",1.20
246,15,LLV,"STEERING COLUMN ASSEMBLY,- REPLACE",1.20
247,15,LLV,STEERING COLUMN LOCK PLATE - REPLACE,0.30
248,15,LLV,STEERING COLUMN SHIFTER BOWL - REPLACE,1.40
249,15,LLV,"STEERING WHEEL, - REPLACE",0.20
250,15,LLV,"TIE ROD, INNER - REPLACE - BOTH",0.90
251,15,LLV,"TIE ROD, INNER - REPLACE - ONE",0.70
252,15,LLV,"TIE ROD, OUTER AND/OR ADJUSTING SLEEVE, REPLACE - E",0.70
253,15,LLV,"TIE ROD, OUTER AND/OR ADJUSTING SLEEVE, REPLACE - C",0.50
254,16,LLV,ALIGN FRONT SUSPENSION,0.70
255,16,LLV,BALL JOINT - LOWER - REPLACE - BOTH,1.10
256,16,LLV,BALL JOINT - LOWER - REPLACE - ONE,0.70
257,16,LLV,BALL JOINT - UPPER - REPLACE - BOTH,1.10
258,16,LLV,BALL JOINT - UPPER - REPLACE - ONE,0.70
259,16,LLV,"BAR, REAR STABILIZER (ANTI-SWAY) - REPLACE",0.60
260,16,LLV,"BEARING AND/OR BUSHING, LOWER - REPLACE",0.50
261,16,LLV,"BEARING AND/OR BUSHING, UPPER - REPLACE",0.90
262,16,LLV,"BOLT, REAR LEAF SPRING CENTER - REPLACE - ONE",0.50
263,16,LLV,"BRACKET, SHOCK & LEAF SPRING REAR - REPLACE - BOTH",0.60
264,16,LLV,"BRACKET, SHOCK & LEAF SPRING REAR - REPLACE - ONE",0.40
265,16,LLV,"BUMPER, AXLE - REPLACE - ONE",0.30
266,16,LLV,"BUMPER, LOWER CONTROL ARM - REPLACE - ONE",0.20
267,16,LLV,"BUMPER, UPPER CONTROL ARM - REPLACE - ONE",0.60
268,16,LLV,"BUSHING, FRONT STABILIZER TO FRAME - REPLACE BOTH",0.40
269,16,LLV,"BUSHING, FRONT STABILIZER TO FRAME - REPLACE ONE",0.30
270,16,LLV,"BUSHING, REAR LEAF SPRING EYE - REPLACE - BOTH",1.50
271,16,LLV,"BUSHING, REAR LEAF SPRING EYE - REPLACE - ONE",0.90
272,16,LLV,"BUSHING, REAR STABILIZER BAR TO FRAME - REPLACE - B",0.60
273,16,LLV,"BUSHING, REAR STABILIZER BAR TO FRAME - REPLACE - 0",0.40
274,16,LLV,"BUSHINGS AND/OR SHAFT, UPPER CONTROL ARM - REPLAI",2.00
275,16,LLV,"BUSHINGS AND/OR SHAFT, UPPER CONTROL ARM - REPLAI",1.30
276,16,LLV,BUSHINGS LOWER CONTROL ARM - REPLACE - BOTH SIDE;,2.80
277,16,LLV,BUSHINGS LOWER CONTROL ARM - REPLACE - ONE SIDE,2.00
278,16,LLV,CONTROL ARM ASSEMBLY - LOWER - REPLACE - BOTH,2.20
279,16,LLV,CONTROL ARM ASSEMBLY - LOWER - REPLACE - ONE,1.20
280,16,LLV,CONTROL ARM ASSEMBLY - UPPER - REPLACE - BOTH,1.80
281,16,LLV,CONTROL ARM ASSEMBLY - UPPER - REPLACE - ONE,1.00
282,16,LLV,"END LINK OR BUSHINGS, FRONT STABILIZER - REPLACE - E",0.40
283,16,LLV,"END LINK OR BUSHINGS, FRONT STABILIZER - REPLACE - C",0.30
284,16,LLV,"END LINK, REAR STABILIZER - REPLACE BOTH",0.50
285,16,LLV,"END LINK, REAR STABILIZER - REPLACE ONE",0.30
286,16,LLV,"SHACKLE AND/OR BUSHING, REAR LEAF SPRING - REPLAC",0.40
287,16,LLV,"SHOCK ABSORBER, FRONT - REPLACE - BOTH",0.80
288,16,LLV,"SHOCK ABSORBER, FRONT - REPLACE - ONE",0.50
289,16,LLV,"SHOCK ABSORBER, REAR - REPLACE - BOTH",0.70
290,16,LLV,"SHOCK ABSORBER, REAR - REPLACE - ONE",0.40
291,16,LLV,"SPRING ASSEMBLY, REAR LEAF - REPLACE - BOTH",1.50
292,16,LLV,"SPRING ASSEMBLY, REAR LEAF - REPLACE - ONE",0.90
293,16,LLV,"SPRING SEAT AND/OR INSULATOR, FRONT - REPLACE - ONI",0.80
294,16,LLV,"SPRING, FRONT COIL - REPLACE - BOTH",1.40
295,16,LLV,"SPRING, FRONT COIL - REPLACE - ONE",0.80
296,16,LLV,"STABILIZER SHAFT (ANTI-SWAY BAR), FRONT - REPLACE",0.60
297,16,LLV,"U-BOLT, REAR LEAF SPRING - REPLACE - BOTH SIDES",0.50
298,16,LLV,"U-BOLT, REAR LEAF SPRING - REPLACE - ONE SIDE",0.30
299,17,LLV,TIRE - REPLACE 1 - INCLUDES MOUNT & BALANCE,0.60
300,17,LLV,TIRE - REPLACE 2 - INCLUDES MOUNT & BALANCE,1.00
301,17,LLV,TIRE - REPLACE 3 - INCLUDES MOUNT & BALANCE,1.40
302,17,LLV,TIRE - REPLACE 4 - INCLUDES MOUNT & BALANCE,1.80
303,17,LLV,TIRE REPAIR - EACH,0.70
304,17,LLV,VALVE STEM - REPLACE - EACH,0.40
305,18,LLV,PAINT WHEEL - EACH,0.40
306,18,LLV,WHEEL - REPLACE 1 - INCLUDES MOUNT & BALANCE,0.60
307,18,LLV,WHEEL - REPLACE 2 - INCLUDES MOUNT & BALANCE,1.00
308,18,LLV,WHEEL - REPLACE 3 - INCLUDES MOUNT & BALANCE,1.40
309,18,LLV,WHEEL - REPLACE 4 - INCLUDES MOUNT & BALANCE,1.80
310,18,LLV,WHEEL BALANCE - 1,0.40
311,18,LLV,WHEEL BALANCE - 2,0.60
312,18,LLV,WHEEL BALANCE - 3,0.80
313,18,LLV,WHEEL BALANCE - 4,1.00
314,18,LLV,WHEEL MOUNTING STUD - REPLACE - FRONT - EACH ADDIT,0.20
315,18,LLV,WHEEL MOUNTING STUD - REPLACE - FRONT - ONE,0.60
316,18,LLV,WHEEL MOUNTING STUD - REPLACE - REAR - EACH ADDITI(,0.20
317,18,LLV,WHEEL MOUNTING STUD - REPLACE - REAR - ONE,0.40
318,21,LLV,"BEARING, FRONT WHEEL, INNER/OUTER - REPLACE - BOTH",1.20
319,21,LLV,"BEARING, FRONT WHEEL, INNER/OUTER - REPLACE ONE SI",0.80
320,21,LLV,"CLEAN AND REPACK BEARINGS, REPLACE SEAL - ONE SIDE",0.90
321,21,LLV,"WHEEL FRONT, OUTER BEARING - REPLACE - ONE",0.70
322,22,LLV,AXLE SHAFT - REPLACE - BOTH,0.70
323,22,LLV,AXLE SHAFT - REPLACE - ONE,0.60
324,22,LLV,AXLE SHAFT BEARING - REPLACE - BOTH,1.10
325,22,LLV,AXLE SHAFT BEARING - REPLACE - ONE,0.70
326,22,LLV,AXLE SHAFT OIL SEAL - REPLACE - BOTH,1.10
327,22,LLV,AXLE SHAFT OIL SEAL - REPLACE - ONE,0.80
328,22,LLV,"COVER AND/OR GASKET, DIFFERENTIAL - REPLACE",0.50
329,22,LLV,DIFFERENTIAL ASSEMBLY (COMPLETE) - REPLACE,4.00
330,22,LLV,PINION BEARING - REPLACE - ONE OR BOTH,2.50
331,22,LLV,"PINION SHAFT, PINION GEARS AND/OR SIDE GEARS - REPLI",1.50
332,22,LLV,RING GEAR AND PINION - REPLACE,2.50
333,22,LLV,"SEAL AND/OR FLANGE, PINION SHAFT - REPLACE",0.60
334,24,LLV,DRIVE SHAFT ASSEMBLY - R&R OR REPLACE,0.40
335,24,LLV,UNIVERSAL JOINT - REPLACE - BOTH,1.00
336,24,LLV,UNIVERSAL JOINT - REPLACE FRONT,0.70
337,24,LLV,UNIVERSAL JOINT - REPLACE REAR,0.50
338,27,LLV,DETENT VALVE - REPLACE,1.60
339,27,LLV,DETENT CABLE - REPLACE,0.50
340,27,LLV,DETENT LEVER-REPLACE,0.80
341,27,LLV,EXTENSION HOUSING SEAL/GASKET - REPLACE,1.10
342,27,LLV,GOVERNOR - REPLACE,1.00
343,27,LLV,PARK ACTUATOR ROD - REPLACE,0.80
344,27,LLV,PARKING PAWL - REPLACE,1.10
345,27,LLV,SHIFT CONTROL LEVER - TRANSMISSION SIDE - REPLACE,0.30
346,27,LLV,SHIFT CONTROL ROD - REPLACE,0.40
347,27,LLV,SHIFT LEVER - REPLACE,0.20
348,27,LLV,SHIFT LEVER SPRING - REPLACE,0.20
349,27,LLV,SHIFT LINKAGE-REPLACE,0.40
350,27,LLV,SPEEDOMETER DRIVE GEAR - REPLACE,1.00
351,27,LLV,"SPEEDOMETER DRIVEN GEAR, SPEEDO BULLIT, OR SEAL -",0.30
352,27,LLV,TORQUE CONVERTER - REPLACE,3.20
353,27,LLV,TRANSMISSION DIPSTICK,0.10
354,27,LLV,TRANSMISSION  FILL TUBE,0.40
355,27,LLV,TRANSMISSION ASSY - REPLACE,3.20
356,27,LLV,TRANSMISSION COOLER - FLUSH,0.40
357,27,LLV,TRANSMISSION COOLER - REPLACE,1.00
358,27,LLV,TRANSMISSION FLUSH,0.70
359,27,LLV,TRANSMISSION GASKET/FILTER-REPLACE,0.60
360,27,LLV,TRANSMISSION MOUNT - REPLACE,0.40
361,27,LLV,TRANSMISSION OIL COOLER LINE(S) - REPLACE,0.90
362,27,LLV,TRANSMISSION OIL PUMP OR SEAL - REPLACE,3.60
363,27,LLV,TRANSMISSION REAR HOUSING BUSHING - ADD. TO SEAL T,0.20
364,27,LLV,TRANSMISSION REAR HOUSING OUTPUT SEAL - REPLACE,0.50
365,27,LLV,TRANSMISSION VACUUM MODULATOR - REPLACE,0.40
366,27,LLV,TRANSMISSION VACUUM MODULATOR LINE - REPLACE,0.60
367,31,LLV,ALTERNATOR - REPLACE,0.60
368,31,LLV,ALTERNATOR MOUNTING BRACKET - REPLACE,0.80
369,32,LLV,BATTERY - REPLACE,0.50
370,32,LLV,BATTERY CABLE - REPLACE ONE,0.30
371,32,LLV,STARTER - REPLACE,1.00
372,33,LLV,CRANKSHAFT POSITION SENSOR - REPLACE,0.40
373,33,LLV,DISTRIBUTOR CAP AND/OR ROTOR - REPLACE,0.50
374,33,LLV,DISTRIBUTOR COMPLETE- REPLACE,0.60
375,33,LLV,DISTRIBUTOR HALL EFFECT SWITCH - REPLACE,0.50
376,33,LLV,DISTRIBUTOR MODULE - REPLACE,0.60
377,33,LLV,DISTRIBUTOR PICK-UP COIL AND/ OR POLE PIECE - REPLAC,1.00
378,33,LLV,DISTRIBUTOR WIRING HARNESS - REPLACE,0.60
379,33,LLV,KNOCK SENSOR - REPLACE,0.60
380,33,LLV,SPARK PLUG WIRES - REPLACE,0.60
381,33,LLV,SPARK PLUGS - REPLACE,0.60
382,33,LLV,"TIMING, CHECK & ADJUST",0.30
383,34,LLV,FLASHER - REPLACE,0.30
384,34,LLV,HEADLIGHT - REPLACE,0.30
385,34,LLV,"INDICATOR, DASH LAMP - REPLACE",0.20
386,34,LLV,"KIT, LAMP- REPLACE",0.50
387,34,LLV,"LAMP OR BULB, BRAKE/TURN SIGNAL/SIDE MARKER - REIN",0.30
388,34,LLV,"MODULE, DAYTIME RUNNING LIGHT - INSTALL OR REPLACE",0.50
389,34,LLV,"SWITCH, BACK-UP LIGHT & PARK/NEUTRAL - REPLACE",0.40
390,34,LLV,"SWITCH, DOME LIGHT - REPLACE",0.20
391,34,LLV,"SWITCH, DOOR JAMB - REPLACE",0.20
392,34,LLV,"SWITCH, HAZARD WARNING - REPLACE",0.20
393,34,LLV,"SWITCH, HEADLAMP - REPLACE",0.30
394,34,LLV,"SWITCH, HEADLIGHT DIMMER - REPLACE",0.60
395,34,LLV,"SWITCH, PARK BRAKE LAMP - REPLACE",0.20
396,34,LLV,"SWITCH, STOP LAMP OR BRAKE LIGHT - REPLACE",0.30
397,34,LLV,"SWITCH, TURN SIGNAL - REPLACE",0.60
398,35,LLV,"BUFFER, SPEED SENSOR - REPLACE",0.30
399,35,LLV,CIRCUIT BREAKER - REPLACE,0.30
400,35,LLV,CONNECTOR - REPAIR OR REPLACE,0.30
401,35,LLV,"COVER, ECM - REPLACE",0.60
402,35,LLV,"COVER, FUSE BOX - INSTALL OR REPLACE",0.30
403,35,LLV,"FAN, DRIVER COMFORT - REPLACE",0.20
404,35,LLV,FUSE - REPLACE ONE OR MORE,0.20
405,35,LLV,FUSE PANEL/BOX - REPLACE,2.00
406,35,LLV,FUSIBLE LINK - REPLACE,0.30
407,35,LLV,"HARNESS, WIRING FRONT - REPLACE",1.50
408,35,LLV,"HARNESS, WIRING INSTRUMENT PANEL - REPLACE",5.00
409,35,LLV,"HARNESS, WIRING REAR - REPLACE",1.00
410,35,LLV,HORN - REPLACE,0.30
411,35,LLV,HORN CANCEL CAM - REPLACE,0.40
412,35,LLV,HORN CONTACT AND/OR COVER - REPLACE,0.30
413,35,LLV,IGNITION LOCK CYLINDER - R&R OR REPLACE,0.40
414,35,LLV,"IGNITION RACK/ROD, ACTUATOR - REPLACE",0.90
415,35,LLV,"LEVER, TURN SIGNAL - REPLACE",0.50
416,35,LLV,MISC. ELECTRICAL REPAIR,0.50
417,35,LLV,"MODULE, ECM UNIT - REPLACE",0.70
418,35,LLV,PROM CALIBRATOR (MEM CAL) - REPLACE,0.80
419,35,LLV,"RELAY, FUEL PUMP - REPLACE",0.50
420,35,LLV,"RELAY, HORN - REPLACE",0.40
421,35,LLV,"SENSOR, SPEED - REPLACE",1.00
422,35,LLV,"SOLENOID, EGR VALVE - REPLACE",0.60
423,35,LLV,"SPRING, TURN SIGNAL CANCEL - ONE OR BOTH - REPLACE",0.40
424,35,LLV,"SWITCH, DRIVER COMFORT FAN - REPLACE",0.20
425,35,LLV,"SWITCH, LITE MINDER - REPLACE",0.20
426,35,LLV,"SWITCH, WINDSHIELD WIPER - REPLACE",1.20
427,41,LLV,"ASSEMBLY, AIR CLEANER - REPLACE",0.20
428,41,LLV,"FILTER, AIR CLEANER - REPLACE",0.20
429,41,LLV,"TUBE, HOT AIR - REPLACE",0.20
430,41,LLV,VACUUM LINE/PIPE - REPLACE,0.20
431,41,LLV,"VALVE, AIR CLEANER TEMP - REPLACE",0.30
432,41,LLV,"VALVE, IAC - REPLACE",0.60
433,42,LLV,"CAP, COOLANT RESERVOIR - REPLACE",0.20
434,42,LLV,"CAP, RADIATOR - REPLACE",0.20
435,42,LLV,"CLUTCH OR BLADE, FAN - REPLACE",0.40
436,42,LLV,COOLANT FLUSH,0.80
437,42,LLV,"HOSE, HEATER - REPLACE",0.50
438,42,LLV,"HOSE, RADIATOR LOWER - REPLACE",0.50
439,42,LLV,"HOSE, RADIATOR UPPER- REPLACE",0.40
440,42,LLV,"HOSE, THERMOSTAT BY-PASS - REPLACE",0.30
441,42,LLV,"PULLEY, WATER / COOLANT PUMP - REPLACE",0.40
442,42,LLV,"PUMP, WATER - REPLACE",0.90
443,42,LLV,RADIATOR - REPLACE,0.70
444,42,LLV,"RESERVOIR, RADIATOR COOLANT - REPLACE",0.20
445,42,LLV,"SHROUD, RADIATOR LOWER - REPLACE",0.70
446,42,LLV,"SHROUD, RADIATOR UPPER - REPLACE",0.30
447,42,LLV,THERMOSTAT - REPLACE,0.30
448,42,LLV,THERMOSTAT HOUSING AND/OR GASKET - REPLACE,0.50
449,43,LLV,"CONVERTER, CATALYTIC - REPLACE",0.60
450,43,LLV,EXHAUST SYSTEM COMPLETE,1.00
451,43,LLV,"HANGER, CATALYTIC CONVERTER - REPLACE",0.60
452,43,LLV,"MANIFOLD, EXHAUST - REPLACE",0.80
453,43,LLV,MUFFLER - REPLACE,0.40
454,43,LLV,"PIPE, FRONT - EXHAUST - REPLACE",0.50
455,43,LLV,"PIPE, TAIL - EXHAUST - REPLACE",0.40
456,43,LLV,"VALVE, EGR - REPLACE",0.40
457,44,LLV,"CABLE, ACCELERATOR - REPLACE",0.40
458,44,LLV,"CANISTER, VAPOR - REPLACE",0.40
459,44,LLV,"FILTER, FUEL - REPLACE",0.50
460,44,LLV,"HOSE, FUEL FILLER - REPLACE",0.30
461,44,LLV,IDLE SPEED - ADJUST,0.60
462,44,LLV,"INJECTOR, FUEL - 2.2, REPLACE - ONE OR MORE",1.80
463,44,LLV,"INJECTOR, FUEL - 2.5, REPLACE",0.80
464,44,LLV,"KIT, FUEL LINE FRONT - REPLACE",1.00
465,44,LLV,"KIT, FUEL LINE REAR - REPLACE",3.00
466,44,LLV,"LINE, FUEL INJECTOR - REPLACE",0.30
467,44,LLV,"PEDAL, ACCELERATOR - REPLACE",0.30
468,44,LLV,"PUMP, FUEL - REPLACE",1.40
469,44,LLV,"REGULATOR, FUEL PRESSURE - REPLACE",1.00
470,44,LLV,"SENSOR, MAP - REPLACE",0.20
471,44,LLV,"SENSOR, MAT - REPLACE",0.20
472,44,LLV,"SENSOR, 02 - REPLACE",0.60
473,44,LLV,"SENSOR, THROTTLE POSITION - REPLACE",0.50
474,44,LLV,"SPRING, ACCELERATOR PEDAL - REPLACE",0.20
475,44,LLV,"TANK, FUEL - REPLACE",2.00
476,44,LLV,THROTTLE BODY - REPLACE,1.00
477,44,LLV,"UNIT, FUEL SENDING - REPLACE",1.40
478,45,LLV,"ARM, ROCKER - REPLACE - ALL",1.00
479,45,LLV,"ARM, ROCKER - REPLACE - ONE",0.80
480,45,LLV,"BEARING, CRANKSHAFT MAIN - REPLACE",3.10
481,45,LLV,"BEARINGS, CONNECTING ROD - REPLACE - ALL",4.10
482,45,LLV,"BEARINGS, CONNECTING ROD - REPLACE - ONE",3.20
483,45,LLV,"BELT, DRIVE / SERPENTINE - REPLACE",0.20
484,45,LLV,"BOLT, ROCKER ARM - REPLACE - ONE",0.80
485,45,LLV,CAMSHAFT 2.5 - REPLACE,4.80
486,45,LLV,"CAP, OIL FILLER - REPLACE",0.20
487,45,LLV,"CHAIN, TIMING - 2.2 - REPLACE",1.70
488,45,LLV,CRANKSHAFT - REPLACE,7.20
489,45,LLV,CRANKSHAFT MAIN BRG & CONNECTING ROD BRG - REPLP,4.00
490,45,LLV,CYLINDER HEAD 2.2 - REPLACE,5.60
491,45,LLV,CYLINDER HEAD 2.5 - REPLACE,4.80
492,45,LLV,"DIPSTICK, OIL - REPLACE",0.20
493,45,LLV,ENGINE ASSY 2.2 - REPLACE COMPLETE ASSY.,7.10
494,45,LLV,ENGINE 2.2 - REPLACE WITH LONG BLOCK ASSY.,11.60
495,45,LLV,ENGINE ASSY 2.5 - REPLACE COMPLETE ASSY.,8.30
496,45,LLV,ENGINE 2.5 - REPLACE WITH LONG BLOCK ASSY.,12.50
497,45,LLV,"LOF; LUBE, OIL & FILTER - REPLACE",0.30
498,45,LLV,FLYWHEEL - REPLACE,2.80
499,45,LLV,"GASKET, CYLINDER HEAD - REPLACE",3.60
500,45,LLV,"GASKET, TIMING COVER - REPLACE",1.70
501,45,LLV,"GEAR, CAMSHAFT - REPLACE",3.00
502,45,LLV,"GEAR, CRANKSHAFT - REPLACE",1.70
503,45,LLV,INTAKE MANIFOLD AND/OR GASKET LOWER 2.2 OR 2.5 - RE,1.80
504,45,LLV,INTAKE MANIFOLD AND/OR GASKET UPPER 2.2 - REPLACE,0.80
505,45,LLV,LIFTER 2.5 ENGINE - REPLACE - ALL,2.80
506,45,LLV,LIFTER 2.5 ENGINE - REPLACE - ONE,2.50
507,45,LLV,"MOUNT, MOTOR 12.2 ENGINE - REPLACE - BOTH",2.90
508,45,LLV,"MOUNT, MOTOR / 2.2 ENGINE- REPLACE - ONE",1.60
509,45,LLV,"MOUNT, MOTOR 12.5 ENGINE - REPLACE - BOTH",2.20
510,45,LLV,"MOUNT, MOTOR / 2.5 ENGINE- REPLACE - ONE",1.40
511,45,LLV,OIL PAN AND/OR GASKET - REPLACE,1.70
512,45,LLV,"PULLEY, CRANKSHAFT - REPLACE",0.70
513,45,LLV,"PUMP, OIL - REPLACE",1.90
514,45,LLV,REPLACE FREEZE PLUG,1.00
515,45,LLV,"ROD, PUSH - REPLACE - ALL",1.10
516,45,LLV,"ROD, PUSH - REPLACE - ONE",0.80
517,45,LLV,"SEAL, CRANKSHAFT FRONT - REPLACE",0.70
518,45,LLV,"SEAL, REAR MAIN 2.2 - REPLACE",5.00
519,45,LLV,"SEAL, REAR MAIN 2.5 - REPLACE",2.90
520,45,LLV,"SPRING, VALVE - REPLACE - ALL",2.20
521,45,LLV,"SPRING, VALVE - REPLACE - ONE",1.20
522,45,LLV,"TENSIONER, BELT - REPLACE",0.30
523,45,LLV,"TUBE, OIL DIPSTICK - REPLACE",0.20
524,45,LLV,VALVE - REPLACE/RECONDITION INCL. TEST COMPRESSIOr,4.30
525,45,LLV,VALVE COVER AND/OR GASKET 2.2 - REPLACE,0.50
526,45,LLV,VALVE COVER AND/OR GASKET 2.5 - REPLACE,0.80
527,45,LLV,"VALVE, PCV - REPLACE",0.20
528,98,LLV,PMI LIGHT DELIVERY (A-INSPECTION),1.20
529,98,LLV,PMI LIGHT DELIVERY (B-INSPECTION),2.70
530,98,LLV,PMI LIGHT DELIVERY CNG (A-INSPECTION),1.70
531,98,LLV,PMI LIGHT DELIVERY CNG (B-INSPECTION),3.20
532,1,FFV,"CABLE, HEATER RECIRCULATION - REPLACE/ADJUST",0.30
533,1,FFV,"CABLE, TEMP CONTROL - REPLACE/ADJUST",0.40
534,1,FFV,"CORE, HEATER - REPLACE",1.20
535,1,FFV,HEATER HOSE - REPLACE BOTH,0.50
536,1,FFV,"HOSE, HEATER - REPLACE",0.40
537,1,FFV,"MOTOR, HEATER BLOWER - REPLACE",0.40
538,1,FFV,"RESISTOR, HEATER MOTOR - REPLACE",0.30
539,1,FFV,"SWITCH, HEATER MOTOR - REPLACE",0.30
540,2,FFV,"ARM, WINDSHIELD WIPER - REPLACE",0.20
541,2,FFV,"BLADE, WIPER - REPLACE",0.10
542,2,FFV,"BUMPER, FRONT/REAR - REPLACE",1.00
543,2,FFV,"CABLE, COUNTERBALANCE - REPLACE",0.30
544,2,FFV,"CABLE, REAR DOOR",0.50
545,2,FFV,COUNTERBALANCE ASSY - REPLACE,0.80
546,2,FFV,"COVER, REAR DOOR LOCK - REPLACE",0.20
547,2,FFV,"COVER, WHEEL - REPLACE FOUR",0.20
548,2,FFV,"COVER, WHEEL - REPLACE ONE",0.10
549,2,FFV,"DAM, AIR - REPLACE",0.50
550,2,FFV,"DOOR, REAR ASSY - REPLACE",1.20
551,2,FFV,"DOOR, SIDE ASSY - REPLACE",1.00
552,2,FFV,"FAN, DRIVER COMFORT - REPLACE",0.30
553,2,FFV,"GLASS, SIDE DOOR - REPLACE",1.00
554,2,FFV,"HANDLE, WINDOW CRANK",0.20
555,2,FFV,"HINGE, REAR DOOR - REPAIR OR REPLACE EACH",0.30
556,2,FFV,"LATCH, HOOD - REPLACE",0.30
557,2,FFV,"LATCH, REAR DOOR - REPLACE",0.50
558,2,FFV,"LATCH, SIDE DOOR ASSY - REPLACE",0.30
559,2,FFV,"LINKAGE / PIVOT, WINDSHIELD WIPER - REPAIR",0.70
560,2,FFV,"LINKAGE / PIVOT, WINDSHIELD WIPER - REPLACE",0.40
561,2,FFV,LOCK SET,1.50
562,2,FFV,MIRROR - REPLACE ONE,0.30
563,2,FFV,"PANEL, SIDE BODY - REPLACE",8.00
564,2,FFV,"PANEL, VENT - REPLACE",0.30
565,2,FFV,"ROD, HOOD PROP - REPLACE",0.20
566,2,FFV,"ROLLERS, REAR DOOR - REPLACE ALL",1.20
567,2,FFV,"ROLLERS, REAR DOOR - REPLACE ONE",0.40
568,2,FFV,ROOF ASSY - REPLACE,6.00
569,2,FFV,SEAT - REPLACE,0.50
570,2,FFV,SEATBELT ASSY; LEFT/RIGHT/SHOULDER - REPLACE,0.30
571,2,FFV,SHIFT TUBE- REPLACE,1.80
572,2,FFV,"STRIKER, REAR DOOR LATCH - REPLACE",0.50
573,2,FFV,"TRACK, REAR DOOR - REPLACE ONE SIDE",1.60
574,2,FFV,"TRAY, MAIL - REPLACE",1.00
575,2,FFV,WEATHER STRIP - REPLACE,0.30
576,2,FFV,WINDOW REGULATOR - REPLACE,1.00
577,2,FFV,WINDSHIELD FRONT - RESEAL,0.50
578,2,FFV,WINDSHIELD WIPER HOSE/CLIPS/SOLVENT - REPLACE,0.20
579,2,FFV,"WINDSHIELD, FRONT - REPLACE",1.20
580,2,FFV,"WINDSHIELD, SIDE - REPLACE",1.00
581,2,FFV,"WINDSHIELD, SIDE - RESEAL",0.50
582,3,FFV,"CLUSTER, INSTRUMENT PANEL - REPLACE",0.90
583,3,FFV,"GAUGE, OIL PRESSURE - REPLACE",0.50
584,3,FFV,"LAMP, TRANSMISSION CONTROL INDICATOR - REPLACE",0.70
585,3,FFV,VOLTMETER - REPLACE,0.20
586,13,FFV,"ASSEMBLY, ABS HYDRAULIC CONTROL",0.90
587,13,FFV,"BLEED, ABS",0.40
588,13,FFV,"BLEED, BRAKE PRESSURE",0.60
589,13,FFV,BRAKE BOOSTER - REPLACE,1.30
590,13,FFV,BRAKE FRONT ROTORS & PADS - REPLACE - BOTH,1.50
591,13,FFV,BRAKE MASTER CYLINDER - REPLACE,1.70
592,13,FFV,BRAKE PEDAL PAD - REPLACE,0.20
593,13,FFV,"BRAKE, PARKING - ADJUST",0.20
594,13,FFV,"CABLE, PARK BRAKE REAR - REPLACE ONE",0.50
595,13,FFV,"CABLE, PARK BRAKE REAR - REPLACE TWO",0.60
596,13,FFV,"CALIPER, BRAKE FRONT - OVERHAUL ONE",0.30
597,13,FFV,"CALIPER, BRAKE FRONT - OVERHAUL TWO",0.40
598,13,FFV,"CALIPER, BRAKE FRONT - REPLACE ONE",0.10
599,13,FFV,"CALIPER, BRAKE FRONT - REPLACE TWO",0.20
600,13,FFV,"CALIPER, BRAKE REAR - OVERHAUL ONE",0.30
601,13,FFV,"CALIPER, BRAKE REAR - OVERHAUL TWO",0.40
602,13,FFV,"CALIPER, BRAKE REAR - REPLACE ONE",0.10
603,13,FFV,"CALIPER, BRAKE REAR - REPLACE TWO",0.20
604,13,FFV,"COMBINATION VALVE, BRAKE - REPLACE",0.70
605,13,FFV,"HOSE, FRONT / REAR BRAKE - REPLACE ALL",1.10
606,13,FFV,"HOSE, FRONT / REAR BRAKE - REPLACE ONE",0.60
607,13,FFV,"HOSE, FRONT / REAR BRAKE - REPLACE TWO",0.80
608,13,FFV,"LEVER, PARK BRAKE CONTROL - REPLACE",1.50
609,13,FFV,"MODULE, ELECTRONIC BRAKE CONTROL (EBCM) - REPLAC",0.50
610,13,FFV,"PADS, FRONT BRAKE - REPLACE",0.80
611,13,FFV,"PADS, REAR BRAKE - REPLACE",0.80
612,13,FFV,"RING, SENSOR BRAKE - REPAIR/REPLACE ONE",0.50
613,13,FFV,"RING, SENSOR BRAKE - REPAIR/REPLACE TWO",1.00
614,13,FFV,"ROTOR, BRAKE DISC FRONT - REPLACE ONE",0.30
615,13,FFV,"ROTOR, BRAKE DISC FRONT - REPLACE TWO",0.50
616,13,FFV,"ROTOR, BRAKE DISC REAR - REPLACE BOTH",0.30
617,13,FFV,"ROTOR, BRAKE DISC REAR - REPLACE ONE",0.20
618,13,FFV,"ROTOR, BRAKE FRONT - MACHINE ONE",0.30
619,13,FFV,"ROTOR, BRAKE FRONT - MACHINE TWO",0.70
620,13,FFV,"ROTOR, BRAKE REAR - MACHINE ONE",0.30
621,13,FFV,"ROTOR, BRAKE REAR - MACHINE TWO",0.60
622,13,FFV,"SENSOR, ABS BRAKE FRONT - REPLACE ONE",0.70
623,13,FFV,"SENSOR, ABS BRAKE FRONT - REPLACE TWO",1.20
624,13,FFV,"SENSOR, ABS BRAKE REAR - REPLACE",0.30
625,14,FFV,FRAME - REPAIR,
626,14,FFV,"FRAME, CROSS MEMBER - REPLACE",
627,15,FFV,BALL JOINT - REPLACE 1,1.80
628,15,FFV,BALL JOINT - REPLACE 1 EACH SIDE,2.90
629,15,FFV,BALL JOINT - REPLACE 2 SAME SIDE,2.10
630,15,FFV,BALL JOINT - REPLACE 3,3.20
631,15,FFV,BALL JOINT - REPLACE 4,3.50
632,15,FFV,"COLUMN, STEERING ASSY - REPLACE",1.20
633,15,FFV,"COOLER, POWER STEERING - REPLACE",1.00
634,15,FFV,"HOSE, POWER STEERING PRESSURE - REPLACE",0.80
635,15,FFV,"HOSE, POWER STEERING RETURN - REPLACE",0.70
636,15,FFV,"LINE, POWER STEERING CROSS OVER - REPLACE",0.20
637,15,FFV,"LINE, POWER STEERING RETURN AT GEAR - REPLACE",0.20
638,15,FFV,POWER STEERING - REPAIR,0.50
639,15,FFV,POWER STEERING SEAL & GASKET KIT PUMP TO RESERVC,0.20
640,15,FFV,"PUMP, POWER STEERING - REPLACE",1.00
641,15,FFV,"RACK, STEERING ( GEAR) - REPLACE",1.80
642,15,FFV,"RESERVOIR, POWER STEERING - REPLACE",0.30
643,15,FFV,"ROD, INNER TIE - REPLACE BOTH",1.50
644,15,FFV,"ROD, INNER TIE - REPLACE ONE",0.90
645,15,FFV,"ROD, OUTER TIE - REPLACE BOTH",0.90
646,15,FFV,"ROD, OUTER TIE - REPLACE ONE",0.60
647,15,FFV,"SHAFT, STEERING - REPLACE",0.70
648,15,FFV,"WHEEL, STEERING - REPLACE",0.30
649,16,FFV,ALIGNMENT,0.80
650,16,FFV,ALIGNMENT - CHECK OR ADJUST TOE-IN ONLY,0.40
651,16,FFV,ALIGNMENT CAMS - INSTALL EACH SIDE,0.50
652,16,FFV,"BAR, REAR STABILIZER - REPLACE",0.50
653,16,FFV,"BUSHING, LOWER CONTROL ARM - REPLACE ONE SIDE",1.50
654,16,FFV,"BUSHING, LOWER CONTROL ARM - REPLACE TWO SIDES",2.80
655,16,FFV,"BUSHING, STABILIZER BAR TO FRAME - FRONT - REPLACE",0.20
656,16,FFV,"BUSHING, STABILIZER BAR TO FRAME - FRONT - REPLACE",0.30
657,16,FFV,"CONTROL ARM ASSEMBLY, LOWER - REPLACE ONE",1.60
658,16,FFV,"CONTROL ARM ASSEMBLY, LOWER - REPLACE BOTH",2.20
659,16,FFV,"CONTROL ARM ASSEMBLY, UPPER - REPLACE BOTH",1.30
660,16,FFV,"CONTROL ARM ASSEMBLY, UPPER - REPLACE ONE",0.70
661,16,FFV,"END LINK, FRONT STABILIZER - REPLACE ONE",0.40
662,16,FFV,"END LINK, FRONT STABILIZER - REPLACE TWO",0.50
663,16,FFV,"END LINK, REAR STABILIZER - ONE",0.40
664,16,FFV,"END LINK, REAR STABILIZER - TWO",0.50
665,16,FFV,"SHOCK ABSORBER, FRONT - REPLACE BOTH",0.90
666,16,FFV,"SHOCK ABSORBER, FRONT - REPLACE ONE",0.50
667,16,FFV,"SHOCK ABSORBER, REAR - REPLACE BOTH",0.90
668,16,FFV,"SHOCK ABSORBER, REAR - REPLACE ONE",0.50
669,16,FFV,"SPRING ASSEMBLY, REAR LEAF - REPLACE - ONE",0.60
670,16,FFV,"SPRING ASSEMBLY, REAR LEAF - REPLACE - TWO",1.10
671,16,FFV,"SPRING, FRONT TORSION BAR - REPLACE - ONE",0.60
672,16,FFV,"SPRING, FRONT TORSION BAR - REPLACE - TWO",1.00
673,16,FFV,"STABILIZER SHAFT (ANTI-SWAY BAR), FRONT - REPLACE",0.40
674,17,FFV,TIRE - REPAIR,0.70
675,17,FFV,TIRE - REPLACE 1 - INCLUDES MOUNT & BALANCE,0.60
676,17,FFV,TIRE - REPLACE 2 - INCLUDES MOUNT & BALANCE,1.00
677,17,FFV,TIRE - REPLACE 3 - INCLUDES MOUNT & BALANCE,1.40
678,17,FFV,TIRE - REPLACE 4 - INCLUDES MOUNT & BALANCE,1.80
679,18,FFV,WHEEL - REPLACE 1 - INCLUDES MOUNT & BALANCE,0.60
680,18,FFV,WHEEL - REPLACE 2 - INCLUDES MOUNT & BALANCE,1.00
681,18,FFV,WHEEL - REPLACE 3 - INCLUDES MOUNT & BALANCE,1.40
682,18,FFV,WHEEL - REPLACE 4 - INCLUDES MOUNT & BALANCE,1.80
683,18,FFV,WHEEL BALANCE - 1,0.40
684,18,FFV,WHEEL BALANCE - 2,0.60
685,18,FFV,WHEEL BALANCE - 3,0.80
686,18,FFV,WHEEL BALANCE - 4,1.00
687,18,FFV,"WHEEL STUD, FRONT - REPLACE 1 TO 3",0.80
688,18,FFV,"WHEEL STUD, FRONT - REPLACE 4 TO 5",0.80
689,18,FFV,"WHEEL STUD, REAR - REPLACE 1 TO 3",0.50
690,18,FFV,"WHEEL STUD, REAR - REPLACE 4 TO 5",0.60
691,21,FFV,"AXLE, FRONT INNER - REPLACE",2.30
692,21,FFV,CV SHAFT - REPLACE ONE,1.50
693,21,FFV,CV SHAFT - REPLACE TWO,2.00
694,21,FFV,"DIFFERENTIAL ASSEMBLY, FRONT - REPLACE",7.00
695,21,FFV,"HUB AND BEARING ASSEMBLY, FRONT 4X4- REPLACE ONE",1.30
696,21,FFV,"HUB AND BEARING ASSEMBLY, FRONT 4X4- REPLACE TWO",2.30
697,21,FFV,ROD ASSEMBLY FRONT WHEEL SPINDLE BOTH,0.90
698,21,FFV,ROD ASSEMBLY FRONT WHEEL SPINDLE LEFT,0.60
699,21,FFV,ROD ASSEMBLY FRONT WHEEL SPINDLE RIGHT,0.50
700,21,FFV,"SEAL, FRONT AXLE PINION - REPLACE",1.40
701,21,FFV,"WHEEL BEARING, FRONT - CLEAN / REPACK / REPLACE BO'",0.60
702,21,FFV,"WHEEL BEARING, FRONT - CLEAN / REPACK / REPLACE ON",0.50
703,22,FFV,"AXLE, DIFFERENTIAL CASE LOCKING - REPLACE",0.80
704,22,FFV,"BEARING, DIFFERENTIAL - REPLACE",0.20
705,22,FFV,"BEARING, PINION - REPLACE - ONE OR BOTH",0.20
706,22,FFV,"BEARING, REAR AXLE - REPLACE ONE",0.60
707,22,FFV,"BEARING, REAR AXLE - REPLACE TWO",1.00
708,22,FFV,"CUPS, PINION BEARING - REPLACE",0.20
709,22,FFV,DIFFERENTIAL ASSEMBLY - OVERHAUL,5.50
710,22,FFV,"DIFFERENTIAL ASSEMBLY, REAR (COMPLETE) - REPLACE",3.30
711,22,FFV,"GEAR SET, BEVEL, MATING GEARS ADJUST",2.50
712,22,FFV,"HOUSING, AXLE (INTEGRAL CARRIER) - REPLACE",3.60
713,22,FFV,RING GEAR AND PINION - REPLACE,0.70
714,22,FFV,RING GEAR BACKLASH ADJUST,0.60
715,22,FFV,"SEAL, DRIVE PINION OIL - REPLACE",0.90
716,22,FFV,"SEAL, WHEEL / AXLE - REPLACE",1.00
717,22,FFV,"SEAL, WHEEL / AXLE - REPLACE BOTH SIDES",1.50
718,24,FFV,"DRIVE SHAFT ASSEMBLY, FRONT - R&R",0.40
719,24,FFV,"DRIVE SHAFT ASSEMBLY, REAR - R&R",0.30
720,24,FFV,"UNIVERSAL JOINT, FRONT - REPLACE DOUBLE CARDAN",0.80
721,24,FFV,"UNIVERSAL JOINT, FRONT - REPLACE SINGLE",0.50
722,24,FFV,"UNIVERSAL JOINT, REAR AXLE - REPLACE BOTH",0.80
723,24,FFV,"UNIVERSAL JOINT, REAR AXLE - REPLACE FRONT",0.60
724,24,FFV,"UNIVERSAL JOINT, REAR AXLE - REPLACE REAR",0.40
725,27,FFV,"CABLE, TRANSMISSION SHIFT CONTROL - REPLACE",0.40
726,27,FFV,"CASE, TRANSMISSION - REPLACE",3.70
727,27,FFV,"CONVERTER, TORQUE - REPLACE",0.20
728,27,FFV,"GASKET, TRANSMISSION EXTENSION HOUSING - REPLACE",0.90
729,27,FFV,"HARNESS, TRANSMISSION INTERNAL WIRING - REPLACE",0.20
730,27,FFV,"INDICATOR, SHIFTER PRNDL - REPLACE",0.70
731,27,FFV,"LEVER, SHIFT - REPLACE",0.70
732,27,FFV,"LEVER, SHIFT CONTROL @ TRANSMISSION - REPLACE",0.30
733,27,FFV,"MOUNT, TRANSMISSION / ENGINE REAR - REPLACE",0.40
734,27,FFV,"SEAL, TRANSMISSION FRONT PUMP - REPLACE",0.10
735,27,FFV,"SEAL, TRANSMISSION OUTPUT / EXTENSION HOUSING - REI",0.60
736,27,FFV,"SENSOR, TRANSMISSION (TR SENSOR) - REPLACE",0.20
737,27,FFV,"SENSOR, TRANSMISSION OUTPUT SHAFT SPEED - REPLACI",0.10
738,27,FFV,"SENSOR, TRANSMISSION TURBINE SHAFT SPEED - REPLAC",4.40
739,27,FFV,"SOLENOID, TORQUE CONVERTER CLUTCH - REPLACE",0.20
740,27,FFV,TRANSFER CASE - REBUILD,4.10
741,27,FFV,TRANSFER CASE - REPLACE,2.20
742,27,FFV,DIAGNOSE/TEST - TRANSFER CASE,0.40
743,27,FFV,TRANSMISSION ASSY - REPLACE,3.40
744,27,FFV,TRANSMISSION CONTROL ASSEMBLY ACCUMULATOR BOD,0.20
745,27,FFV,TRANSMISSION CONTROL SELECTOR - ALIGN,0.20
746,27,FFV,TRANSMISSION CONTROL SELECTOR - REPLACE,0.80
747,27,FFV,TRANSMISSION CONTROL VALVE BODY - OVERHAUL,0.70
748,27,FFV,TRANSMISSION CONTROL VALVE BODY ASSEMBLY - REPL),1.10
749,27,FFV,TRANSMISSION FILTER SERVICE,1.20
750,27,FFV,TRANSMISSION FLUSH,0.70
751,27,FFV,TRANSMISSION OIL COOLER - FLUSH,0.30
752,27,FFV,TRANSMISSION OIL COOLER - REPLACE,0.50
753,27,FFV,TRANSMISSION OIL COOLER LINE(S) - REPLACE,0.90
754,27,FFV,TRANSMISSION REAR SERVO INTERNAL OVERHAUL,0.80
755,27,FFV,TRANSMISSION SERVO ASSEMBLY OVERHAUL ONE,1.80
756,27,FFV,TRANSMISSION SERVO ASSEMBLY OVERHAUL TWO,2.00
757,27,FFV,"VALVE, TRANSMISSION SOLENOID SHIFT - REPLACE",0.20
758,31,FFV,ALTERNATOR - REPLACE,0.50
759,32,FFV,BATTERY CABLE - REPLACE,0.60
760,32,FFV,BATTERY - REPLACE,0.30
761,32,FFV,"SOLENOID, STARTER - REPLACE",0.20
762,32,FFV,STARTER - REPLACE,0.50
763,33,FFV,"COIL, IGNITION - REPLACE",0.20
764,33,FFV,IGNITION ASSEMBLY - REPLACE,0.60
765,33,FFV,"PLUGS, SPARK - REPLACE ONE",0.30
766,33,FFV,"PLUGS, SPARK - REPLACE TWO OR MORE",0.90
767,33,FFV,"SWITCH, IGNITION - REPLACE",0.40
768,33,FFV,"WIRES, SPARK PLUG - REPLACE",0.50
769,34,FFV,"BULB, EXTERIOR; HAZARD/PARK/STOP/TURN - REPLACE",0.20
770,34,FFV,"FLASHER, TURN/HAZARD - REPLACE",0.20
771,34,FFV,"FUSE, REPLACE ONE",0.20
772,34,FFV,"FUSE, REPLACE TWO OR MORE",0.30
773,34,FFV,GROUND CONNECTION - REPAIR,0.30
774,34,FFV,"HARNESS, WIRING FRONT - REPLACE",0.40
775,34,FFV,"HARNESS, WIRING REAR - REPLACE",1.00
776,34,FFV,HEADLIGHT - REPLACE ONE,0.30
777,34,FFV,HEADLIGHT - REPLACE TWO,0.40
778,34,FFV,"LAMP, EXTERIOR; HAZARD/PARK/STOP/TURN - REPLACE",0.30
779,34,FFV,"SWITCH, DIMMER / TURN SIGNAL / WIPER / MULTIFUNCTION",0.90
780,34,FFV,"SWITCH, HAZARD - REPLACE",0.30
781,34,FFV,"SWITCH, HAZARD, CARGO LAMP, CAB FAN - REPLACE",0.20
782,34,FFV,"SWITCH, STOP LAMP - REPLACE",0.40
783,35,FFV,HORN - REPLACE,0.20
784,35,FFV,"MODULE, POWERTRAIN CONTROL PCM - REPLACE",0.30
785,35,FFV,"MOTOR, WINDSHIELD WIPER - REPLACE",0.40
786,35,FFV,PCM REPROGRAMMING TEST,0.20
787,35,FFV,"PUMP, WINDSHIELD WASHER RESERVOIR - REPLACE",0.40
788,35,FFV,"REGULATOR, VACUUM EVER ELECTRONIC - REPLACE",0.20
789,35,FFV,"RELAY, FUEL PUMP - REPLACE",0.10
790,35,FFV,"RELAY, POWERTRAIN CONTROL MODULE PCM - REPLACE",0.10
791,35,FFV,"SENSOR / SWITCH, ENGINE OIL PRESSURE - REPLACE",0.30
792,35,FFV,"SENSOR, COOLANT TEMPERATURE - REPLACE",0.50
793,35,FFV,"SENSOR, MASS AIR FLOW   MAF) - REPLACE",0.20
794,35,FFV,"SWITCH, DRIVER COMFORT FAN - REPLACE",0.30
795,35,FFV,"SWITCH, TRANSMISSION CONTROL / OD CANCEL - REPLAC",0.10
796,41,FFV,AIR BOX - REPLACE,0.40
797,41,FFV,"FILTER, AIR CLEANER - REPLACE",0.20
798,42,FFV,COOLING SYSTEM SERVICE,0.80
799,42,FFV,"FAN, BLADE / CLUTCH / SHROUD - REPLACE",0.40
800,42,FFV,"HOSE OR CLAMP, HEATER - REPLACE",0.50
801,42,FFV,"HOSE, LOWER - REPLACE",0.60
802,42,FFV,"HOSE, UPPER - REPLACE",0.40
803,42,FFV,"KIT, RADIATOR REPAIR - REPLACE ALL",0.60
804,42,FFV,"PULLEY, WATER PUMP - REPLACE",0.40
805,42,FFV,RADIATOR - REPLACE,0.90
806,42,FFV,"RESERVOIR, COOLANT OVERFLOW - REPLACE",0.40
807,42,FFV,THERMOSTAT - REPLACE,0.50
808,42,FFV,WATER PUMP OR GASKET - REPLACE,1.20
809,43,FFV,"CONVERTER, CATALYTIC - REPLACE 4.0 BOTH",1.20
810,43,FFV,"CONVERTER, CATALYTIC - REPLACE 4.0 LEFT",0.80
811,43,FFV,"CONVERTER, CATALYTIC - REPLACE 4.0 RIGHT",1.20
812,43,FFV,EXHAUST SYSTEMS - ALIGN,0.20
813,43,FFV,"EXHAUST, COMPLETE - REPLACE",1.50
814,43,FFV,"GASKET, EXHAUST SYSTEM - REPLACE ONE",0.30
815,43,FFV,"GASKET, EXHAUST SYSTEM - REPLACE TWO",0.40
816,43,FFV,"HANGER, EXHAUST SYSTEM - REPLACE",0.20
817,43,FFV,"MANIFOLD, EXHAUST - REPLACE BOTH",1.00
818,43,FFV,"MANIFOLD, EXHAUST - REPLACE LEFT",0.60
819,43,FFV,"MANIFOLD, EXHAUST - REPLACE RIGHT",0.80
820,43,FFV,MUFFLER - REPLACE,0.70
821,43,FFV,"PIPE, EXHAUST - REPLACE",0.70
822,43,FFV,"VALVE, EGR - REPLACE",0.30
823,44,FFV,"FILTER, FUEL - REPLACE",0.50
824,44,FFV,FUEL FLEXIBLE SENSOR ASSEMBLY - REPLACE,0.50
825,44,FFV,FUEL SENDER / PUMP ASSEMBLY - REPLACE,1.30
826,44,FFV,"HOSE ASSEMBLY, FUEL TANK FILLER - REPLACE",0.20
827,44,FFV,IDLE SPEED - ADJUST,0.20
828,44,FFV,"INJECTOR, FUEL 4.0 - REPLACE ONE",1.10
829,44,FFV,"INJECTOR, FUEL 4.0 - REPLACE TWO OR MORE",1.20
830,44,FFV,"LINE, FUEL - CLEAN",0.50
831,44,FFV,"LINE, FUEL - REPAIR/REPLACE",1.00
832,44,FFV,"RAIL, FUEL ASSEMBLY - REPLACE",1.40
833,44,FFV,"SENSOR, 02 - REPLACE ONE",0.30
834,44,FFV,"SENSOR, 02 - REPLACE TWO",0.40
835,44,FFV,"SENSOR, THROTTLE POSITION - REPLACE",0.30
836,44,FFV,"TANK, FUEL - REPLACE",1.20
837,44,FFV,THROTTLE BODY - REPLACE,0.40
838,45,FFV,"ADAPTER, OIL FILTER - REPLACE COMPLETE OR SEALS",1.00
839,45,FFV,"BELT, SERPENTINE / DRIVE - REPLACE",0.30
840,45,FFV,"CHAIN, TIMING - REPLACE 4.0 BOTH",10.90
841,45,FFV,"CHAIN, TIMING - REPLACE 4.0 ONE",5.90
842,45,FFV,CRANKSHAFT MAIN BRG & CONNECTING ROD BRG -REPLA,4.50
843,45,FFV,CYLINDER HEAD GASKET - TEST,0.20
844,45,FFV,"DAMPER / PULLEY, ASSEMBLY - REPLACE",0.60
845,45,FFV,"ENGINE, LONG BLOCK REMANUFACTURED - REPLACE",15.30
846,45,FFV,"ENGINE, COMPLETE 4.0 ASSEMBLY - REPLACE",6.90
847,45,FFV,"LOF; LUBE, OIL & FILTER - REPLACE",0.30
848,45,FFV,FLYWHEEL / FLEX PLATE - REPLACE,3.60
849,45,FFV,GASKET AND/OR LOWER OIL PAN - REPLACE,0.70
850,45,FFV,GASKET AND/OR UPPER OIL PAN - REPLACE,4.00
851,45,FFV,"GASKET, CYLINDER HEAD - REPLACE 4.0 BOTH",8.10
852,45,FFV,"GASKET, CYLINDER HEAD - REPLACE 4.0 LEFT",5.20
853,45,FFV,"GASKET, CYLINDER HEAD - REPLACE 4.0 RIGHT",4.90
854,45,FFV,"GEAR, CAMSHAFT - REPLACE BOTH",5.90
855,45,FFV,"GEAR, CAMSHAFT - REPLACE LEFT",3.80
856,45,FFV,"GEAR, CAMSHAFT - REPLACE RIGHT",4.10
857,45,FFV,INTAKE MANIFOLD AND/OR GASKET - REPLACE LOWER,1.90
858,45,FFV,INTAKE MANIFOLD AND/OR GASKET - REPLACE UPPER,1.00
859,45,FFV,"LIFTERS, ENGINE HYDRAULIC - REPLACE ALL",4.60
860,45,FFV,"LIFTERS, ENGINE HYDRAULIC - REPLACE LEFT",3.00
861,45,FFV,"LIFTERS, ENGINE HYDRAULIC - REPLACE RIGHT",3.00
862,45,FFV,"MOUNT, MOTOR INSULATORS BOTH SIDE",0.70
863,45,FFV,"MOUNT, MOTOR INSULATORS LEFT/RIGHT",0.60
864,45,FFV,"REGULATOR, CRANK CASE VENTILATION - REPLACE",0.20
865,45,FFV,"SEAL, CRANKSHAFT REAR MAIN - REPLACE",3.70
866,45,FFV,"SEAL, CRANKSHAFT FRONT - REPLACE",0.80
867,45,FFV,"SEAL, CRANKSHAFT REAR MAIN - REPLACE",0.30
868,45,FFV,"TENSIONER, BELT - REPLACE",0.30
869,45,FFV,VALVE - REPLACE/RECONDITION INC TEST COMPRESSION .,3.70
870,45,FFV,VALVE COVER AND/OR GASKET - REPLACE BOTH,2.90
871,45,FFV,VALVE COVER AND/OR GASKET - REPLACE LEFT,1.90
872,45,FFV,VALVE COVER AND/OR GASKET - REPLACE RIGHT,2.20
873,98,FFV,PMI LIGHT DELIVERY (A-INSPECTION),1.20
874,98,FFV,PMI LIGHT DELIVERY (B-INSPECTION),2.70
875,1,CAR,AC HOSE/LINE - REPLACE EACH,0.80
876,1,CAR,AC PRESSURE SWITCH - REPLACE,0.30
877,1,CAR,AC PRESSURE VALVE - REPLACE,0.30
878,1,CAR,AIR DOOR - REPLACE ONE OR ALL,7.10
879,1,CAR,AIR DOOR ACTUATOR (MODE DOOR) - REPLACE,2.70
880,1,CAR,AIR DOOR ACTUATOR / MOTOR (BLEND OR RECIRC) - REPL,0.40
881,1,CAR,BLOWER RESISTOR,0.30
882,1,CAR,"CHARGE, AC PARTIAL R-134A",0.60
883,1,CAR,"COMPRESSOR, AIR CONDITIONING/AC - REPLACE",1.10
884,1,CAR,"CONDENSER, AIR CONDITIONING - REPLACE",1.40
885,1,CAR,"CONTROL, AIR CONDITIONING/HEATING ASSEMBLY - REPLJ",0.40
886,1,CAR,"EVACUATE & RECHARGE, AC R-134A",1.40
887,1,CAR,EVAPORATOR CORE - REPLACE,7.10
888,1,CAR,EVAPORATOR PRESSURE TRANSDUCER - REPLACE,0.30
889,1,CAR,EVAPORATOR TEMP SENSOR - REPLACE,2.30
890,1,CAR,EVAPORATOR THERMOSTATIC SWITCH - REPLACE,1.20
891,1,CAR,EXPANSION VALVE - REPLACE,0.40
892,1,CAR,"FILTER, CABIN AIR - REPLACE",0.50
893,1,CAR,"FLUSH, AC SYSTEM",0.30
894,1,CAR,HEATER CORE - REPLACE,1.40
895,1,CAR,HEATER HOSE - REPLACE,0.50
896,1,CAR,HVAC HOUSING - REPLACE,5.30
897,1,CAR,"MOTOR, BLOWER",1.10
898,1,CAR,RECEIVER/DRYER - REPLACE,0.30
899,1,CAR,RECOVER AC REFRIGERANT,0.40
900,1,CAR,SCHRADER VALVE - REPLACE,0.20
901,2,CAR,"AIR BAG, DRIVERS SIDE - REPLACE",0.90
902,2,CAR,"AIR BAG, PASSENGER SIDE - REPLACE",0.80
903,2,CAR,"ARM, WINDSHIELD WASHER - REPLACE",0.25
904,2,CAR,"BELT, SEAT - REPLACE",0.70
905,2,CAR,"BUSHING, WINDSHIELD WIPER - REPLACE",1.10
906,2,CAR,"CABLE, MIRROR CONTROL - REPLACE",1.20
907,2,CAR,"GOVERNOR TIMER, WINDSHIELD WASHER - REPLACE",0.70
908,2,CAR,"LINKAGE, WINDSHIELD WASHER - REPLACE",1.00
909,2,CAR,"MIRROR, DOOR MOUNTED - REPLACE",0.60
910,2,CAR,"MIRROR, WINDOW MOUNTED - REPLACE",0.60
911,2,CAR,"NOZZLES, WINDSHIELD WASHER - REPLACE",0.50
912,2,CAR,"REGULATOR, CRUISE CONTROL - REPLACE",0.70
913,2,CAR,"REGULATOR, FRONT WINDOW -REPLACE",1.50
914,2,CAR,"REGULATOR, REAR WINDOW - REPLACE",1.20
915,2,CAR,"REGULATOR, TAIL GATE WINDOW - REPLACE",0.50
916,2,CAR,"RESERVOIR, WINDSHIELD WASHER - REPLACE",0.50
917,2,CAR,"RETRACTOR, SEAT BELT ASSY - REPLACE",1.10
918,2,CAR,WIPER BLADES - REPLACE,0.15
919,3,CAR,"CABLE, SPEEDOMETER - REPLACE",0.60
920,3,CAR,"CABLE, SPEEDOMETER WITH HOUSING - REPLACE",1.00
921,3,CAR,"GAUGE, OIL PRESSURE - REPLACE",1.00
922,3,CAR,"GEAR, SPEEDOMETER DRIVE",1.90
923,3,CAR,MULTI-GAUGE & MESSAGE CENTER - REPLACE,1.00
924,3,CAR,ODOMETER - REPLACE,0.80
925,3,CAR,"SENDER, FUEL GAUGE - REPLACE",1.50
926,3,CAR,"SENDER, OIL PRESSURE - REPLACE",0.80
927,3,CAR,"SENDING UNIT, TEMP GAUGE - REPLACE",1.10
928,3,CAR,"SPEEDOMETER, ELECTRONIC - REPLACE",0.90
929,3,CAR,"SWITCH, COOLANT TEMP - REPLACE",0.80
930,3,CAR,"TACHOMETER, GENERATOR - REPLACE",0.70
931,3,CAR,"VOLTMETER, AMMETER - REPLACE",1.70
932,13,CAR,"ACCUMULATOR, ANTI-LOCK - REPLACE",1.20
933,13,CAR,"ADJUSTERS, BRAKE SELF (BOTH) - REPLACE",1.70
934,13,CAR,ANTI-LOCK SENSOR CLEARANCE - ADJUST,0.70
935,13,CAR,BLEED BRAKE SYSTEM,0.40
936,13,CAR,"BOOSTER, POWER BRAKE - REPLACE",2.50
937,13,CAR,"BRAKE, EMERGENCY - ADJUST",0.40
938,13,CAR,"BRAKES, CHECK OUT ALL",0.30
939,13,CAR,"BRAKES, CHECK OUT FRONT",0.25
940,13,CAR,"CABLE, EMERGENCY BRAKE (BOTH) - REPLACE",1.40
941,13,CAR,"CABLE, EMERGENCY BRAKE (ONE) - REPLACE",1.00
942,13,CAR,"CALIPER, BRAKE FRONT - REPLACE BOTH",1.30
943,13,CAR,"CALIPER, BRAKE FRONT - REPLACE ONE",1.10
944,13,CAR,"CALIPER, BRAKE REAR - REPLACE ONE",1.10
945,13,CAR,"CALIPERS, BRAKE REAR - REPLACE BOTH",1.30
946,13,CAR,"CYLINDER, MASTER - REPLACE",1.00
947,13,CAR,"CYLINDER, WHEEL REAR (BOTH) - REPLACE",2.00
948,13,CAR,"CYLINDER, WHEEL REAR (ONE) - REPLACE",1.20
949,13,CAR,"HOSES, BRAKE FRONT - REPLACE",1.20
950,13,CAR,"HOSES, BRAKE REAR - REPLACE",1.10
951,13,CAR,"LINE, BRAKE - REPLACE",1.20
952,13,CAR,"MOTOR, ANTI-LOCK PUMP - REPLACE",1.50
953,13,CAR,"PADS, DISC BRAKE FRONT - REPLACE",0.70
954,13,CAR,"PADS, DISC BRAKE REAR - REPLACE",0.70
955,13,CAR,"PEDAL, EMERGENCY BRAKE ASSY - REPLACE",1.80
956,13,CAR,"ROD, ANTI-LOCK PUSH ASSY - REPLACE",1.80
957,13,CAR,"ROTOR, BRAKE FRONT (BOTH) - REPLACE",1.10
958,13,CAR,"ROTOR, BRAKE FRONT (ONE) - REPLACE",0.70
959,13,CAR,"ROTORS AND PADS, BRAKE (REAR) - REPLACE",1.10
960,13,CAR,"ROTORS, BRAKE REAR (BOTH) - REPLACE",1.10
961,13,CAR,"SEALS, FRONT WHEEL (BOTH) - REPLACE",2.00
962,13,CAR,"SHOE, PARKING BRAKE ASSY - REPLACE",2.30
963,13,CAR,"UNIT ASSY, ANTI-LOCK BRAKE - REPLACE",0.80
964,13,CAR,"UNIT, ANTI-LOCK CONTROL - REPLACE",2.80
965,13,CAR,"VALVE, PROPORTIONING (REAR)",1.30
966,13,CAR,"VALVE, VACUUM BOOSTER CHECK - REPLACE",0.35
967,15,CAR,"BEARING, STEERING LOWER SHAFT - REPLACE",1.20
968,15,CAR,"BEARING, STEERING UPPER MAST JACKET - REPLACE",1.40
969,15,CAR,"COLUMN, STEERING - REPLACE",1.60
970,15,CAR,"COOLER, POWER STEERING - REPLACE",1.00
971,15,CAR,"FLUID, POWER STEERING - FLUSH",1.00
972,15,CAR,"HOUSING, SHIFT - REPLACE",1.40
973,15,CAR,"PULLEY, POWER STEERING PUMP - REPLACE",1.80
974,15,CAR,"PUMP, POWER STEERING - REPLACE",2.70
975,15,CAR,"RESERVOIR, POWER STEERING PUMP - REPLACE",0.20
976,15,CAR,"TUBE, SHIFT SELECTOR - REPLACE",0.80
977,15,CAR,"WHEEL, STEERING - REPLACE",0.70
978,15,CAR,STEERING RACK / GEAR - REPLACE,3.10
979,16,CAR,"ACTUATOR ASSY, FRONT - REPLACE",1.70
980,16,CAR,"ACTUATOR ASSY, REAR - REPLACE",1.70
981,16,CAR,"ALIGNMENT, 2 WHEEL",1.40
982,16,CAR,"ALIGNMENT, 4 WHEEL",2.20
983,16,CAR,"COMPRESSOR, AIR SUSPENSION - REPLACE",0.70
984,16,CAR,"DRYER, ASSY AIR SUSPENSION - REPLACE",0.80
985,16,CAR,"STABILIZER, ANTI-SWAY BAR BUSHING - REPLACE ONE",0.40
986,16,CAR,"STABILIZER, ANTI-SWAY BAR BUSHING - REPLACE BOTH",0.60
987,16,CAR,"STABILIZER, ANTI-SWAY BAR FRONT - REPLACE",1.10
988,16,CAR,"STABILIZER, ANTI-SWAY BAR END-LINK - REPLACE ONE",0.70
989,16,CAR,"STABILIZER, ANTI-SWAY BAR END-LINK - REPLACE TWO",0.80
990,16,CAR,"FRONT END, INSPECTION",0.40
991,16,CAR,"SENSOR, ADJUST HEIGHT - REPLACE",0.50
992,16,CAR,"SENSOR, FRONT HEIGHT - REPLACE",0.50
993,16,CAR,"SENSOR, REAR HEIGHT - REPLACE",0.40
994,16,CAR,"SHOCKS, REAR (BOTH) - REPLACE",0.40
995,16,CAR,"SPRING, FRONT COIL (BOTH) - REPLACE",2.50
996,16,CAR,"SPRING, REAR LEAF (BOTH SIDES) - REPLACE",3.20
997,16,CAR,"SPRINGS, REAR AIR - REPLACE",2.20
998,16,CAR,"SPRINGS, REAR AIR - REPLACE",2.20
999,16,CAR,"STRUT, FRONT (BOTH) - REPLACE",1.40
1000,16,CAR,"STRUT, FRONT (ONE) - REPLACE",1.00
1001,16,CAR,"VALVE, CONTROL AIR SUSPENSION - REPLACE",0.70
1002,17,CAR,"COVERS, LOCKING WHEEL (4)",0.20
1003,17,CAR,TIRE - REPAIR,0.70
1004,17,CAR,TIRE - REPLACE / BALANCE 1,0.60
1005,17,CAR,TIRE - REPLACE / BALANCE 2,1.00
1006,17,CAR,TIRE - REPLACE / BALANCE 3,1.40
1007,17,CAR,TIRE - REPLACE / BALANCE 4,1.80
1008,17,CAR,"TIRE, BALANCE 1",0.40
1009,17,CAR,"TIRE, BALANCE 2",0.60
1010,17,CAR,"TIRE, BALANCE 3",0.80
1011,17,CAR,"TIRE, BALANCE 4",1.00
1012,18,CAR,WHEEL - CHECK RUN OUT,0.30
1013,18,CAR,WHEEL - REPLACE 1 - INCLUDES MOUNT & BALANCE,0.60
1014,18,CAR,WHEEL - REPLACE 2 - INCLUDES MOUNT & BALANCE,1.00
1015,18,CAR,WHEEL - REPLACE 3 - INCLUDES MOUNT & BALANCE,1.40
1016,18,CAR,WHEEL - REPLACE 4 - INCLUDES MOUNT & BALANCE,1.80
1017,21,CAR,AXLE / CV SHAFT - REPLACE,0.50
1018,21,CAR,AXLE / CV SHAFT - REPLACE BOTH,0.90
1019,21,CAR,"BOOT, CV AXLE SHAFT INNER - REPLACE",1.30
1020,21,CAR,"BOOT, CV AXLE SHAFT OUTER - REPLACE",1.40
1021,21,CAR,"HUB, FRONT BEARING (BOTH) - REPLACE",1.20
1022,21,CAR,"HUB, FRONT BEARING (ONE) - REPLACE",0.80
1023,21,CAR,"SEAL, FRONT AXLE SHAFT / DIFFERENTIAL OUTPUT - REPL,",0.20
1024,22,CAR,"HOUSING, REAR AXLE ASSY - REPLACE",2.90
1025,22,CAR,"HUB OR BEARING, WHEEL REAR - REPLACE",0.90
1026,22,CAR,"HUB OR BEARING, WHEEL REAR (BOTH) - REPLACE",1.60
1027,22,CAR,PRESS BEARINGS AND HUB ASSY,0.40
1028,22,CAR,"SEAL, REAR DIFFERENTIAL OUTPUT - REPLACE",1.10
1029,22,CAR,"SEAL, WHEEL REAR (BOTH) - REPLACE",1.90
1030,22,CAR,"SEAL, WHEEL REAR (ONE) - REPLACE",1.00
1031,22,CAR,"SHAFT, REAR DIFFERENTIAL OUTPUT - REPLACE",1.60
1032,22,CAR,SHOP SUPPLIES,0.05
1033,22,CAR,"SPINDLE, REAR AXLE - REPLACE",0.90
1034,27,CAR,"BEARING, FRONT OUTPUT SHAFT (INTERNAL TO TRANS.)- F",5.80
1035,27,CAR,"CABLE, SHIFT - REPLACE",1.40
1036,27,CAR,"CONVERTER, TORQUE - REPLACE",5.90
1037,27,CAR,"COOLER, TRANSMISSION - REPLACE",2.80
1038,27,CAR,"FILTER, TRANSMISSION FLUID",1.60
1039,27,CAR,"FLYWHEEL, AUTOMATIC - REPLACE",5.90
1040,27,CAR,"LEVER, SHIFT SELECTOR - ADJUST",0.60
1041,27,CAR,"LINES, TRANSMISSION- REPLACE",0.80
1042,27,CAR,SHOP SUPPLIES,0.05
1043,27,CAR,TRANSMISSION - REPLACE,5.60
1044,27,CAR,"TRANSMISSION, FLUSH",0.70
1045,27,CAR,"VALVE, BODY - REPLACE",1.50
1046,31,CAR,ALTERNATOR - REPLACE,1.10
1047,31,CAR,"REGULATOR, EXTERNAL - REPLACE",0.25
1048,32,CAR,BATTERY - REPLACE,0.40
1049,32,CAR,"CABLE, BATTERY NEGATIVE - REPLACE",0.20
1050,32,CAR,"CABLE, BATTERY POSITIVE - REPLACE",0.80
1051,32,CAR,"RELAY, STARTER - REPLACE",0.40
1052,32,CAR,"SOLENOID, STARTER - REPLACE",1.40
1053,32,CAR,STARTER- REPLACE,1.00
1054,32,CAR,"TERMINAL/CABLE END, BATTERY - REPLACE",0.20
1055,33,CAR,"PLUGS, SPARK - REPLACE",1.60
1056,33,CAR,"SWITCH, IGNITION - REPLACE",1.10
1057,33,CAR,"WIRES, IGNITION / SPARK PLUG - REPLACE",1.20
1058,34,CAR,"BULB, 3RD BRAKE LIGHT - REPLACE",0.50
1059,34,CAR,"BULB, DASH LIGHT (ONE) - REPLACE",0.50
1060,34,CAR,"BULB, EXTERIOR - REPLACE",0.30
1061,34,CAR,"BULB, HEADLIGHT - REPLACE",0.40
1062,34,CAR,"BULB, TAG LIGHT - REPLACE",0.10
1063,34,CAR,"BULB, TAIL LIGHT - REPLACE",0.30
1064,34,CAR,"BULB, TURN SIGNAL - REPLACE",0.30
1065,34,CAR,"FLASHER, HAZARD OR TURN SIGNAL - REPLACE",0.30
1066,34,CAR,"HEADLIGHT, ASSY - REPLACE",0.30
1067,34,CAR,"HEADLIGHTS, 2 - ADJUST",0.50
1068,34,CAR,"LENS, TAIL LIGHT - REPLACE",0.30
1069,34,CAR,"LENS, TURN SIGNAL - REPLACE",0.30
1070,34,CAR,"LIGHT, TAIL ASSY - REPLACE",0.40
1071,34,CAR,"SWITCH, COURTESY LIGHT - REPLACE",1.00
1072,34,CAR,"SWITCH, HEADLIGHT - REPLACE",0.80
1073,34,CAR,"SWITCH, MULTIFUNCTION / COMBI (TURN, WIPER, DIMMER)",0.70
1074,35,CAR,"ACTUATOR, THROTTLE KICKER - REPLACE",0.40
1075,35,CAR,BLOWER RELAY,0.30
1076,35,CAR,"BUZZER, SEAT BELT WARNING - REPLACE",0.60
1077,35,CAR,"CONTACT, HORN - REPLACE",1.00
1078,35,CAR,"HARNESS, CRUISE CONTROL - REPLACE",0.90
1079,35,CAR,"HARNESS, ENGINE WIRING - REPLACE",5.30
1080,35,CAR,"HARNESS, INJECTOR WIRING - REPLACE",1.60
1081,35,CAR,HORN ASSY - REPLACE,0.30
1082,35,CAR,"MODULE, AIR BAG CONTROL - REPLACE",0.80
1083,35,CAR,"MODULE, AIR SUSPENSION - REPLACE",0.50
1084,35,CAR,"MODULE, AUTO SHUT DOWN (MOTION) - REPLACE",2.50
1085,35,CAR,"MODULE, BODY CONTROL -REPLACE",0.90
1086,35,CAR,"MODULE, CONTROL UNIT - REPLACE",0.70
1087,35,CAR,"MODULE, CRUISE CONTROL - REPLACE",0.80
1088,35,CAR,"MODULE, ECM PROM CALIBRATOR - REPLACE",0.80
1089,35,CAR,"MODULE, ELECTRONIC IGNITION - REPLACE",0.90
1090,35,CAR,"MODULE, ELECTRONIC SPARK CONTROL - REPLACE",0.60
1091,35,CAR,"MODULE, ENGINE CONTROL - REPLACE",1.20
1092,35,CAR,"MODULE, FUEL COMPUTER (DASH UNIT) - REPLACE",1.50
1093,35,CAR,"MODULE, LOGIC - REPLACE",1.30
1094,35,CAR,"MODULE, POWER - REPLACE",1.00
1095,35,CAR,"MODULE, RIDE CONTROL - REPLACE",0.60
1096,35,CAR,"MODULE, SEAT BELT CONTROL - REPLACE",0.40
1097,35,CAR,"MODULE, TRANSMISSION CONTROL - REPLACE",0.80
1098,35,CAR,"MOTOR, FRONT WINDOW - REPLACE",1.70
1099,35,CAR,"MOTOR, QUARTER WINDOW - REPLACE",0.90
1100,35,CAR,"MOTOR, REAR WINDOW - REPLACE",1.60
1101,35,CAR,"MOTOR, SEAT BELT - REPLACE",0.80
1102,35,CAR,"MOTOR, TAIL GATE WINDOW WIPER - REPLACE",0.60
1103,35,CAR,"MOTOR, WINDSHIELD WIPER - REPLACE",1.10
1104,35,CAR,"PUMP, LEAK DETECTION - REPLACE",0.40
1105,35,CAR,"PUMP, REAR WASHER - REPLACE",1.20
1106,35,CAR,"PUMP, WINDSHIELD WASHER - REPLACE",0.40
1107,35,CAR,REFLASH COMPUTER,0.70
1108,35,CAR,"RELAY, AIR COMPRESSOR SUSPENSION - REPLACE",0.50
1109,35,CAR,"RELAY, ANTI-LOCK CONTROL - REPLACE",0.60
1110,35,CAR,"RELAY, ELECTRONIC CONTROL -REPLACE",0.60
1111,35,CAR,"RELAY, HORN - REPLACE",0.60
1112,35,CAR,"SENSOR, AIR BAG - REPLACE",0.70
1113,35,CAR,"SENSOR, AIR CHARGE TEMP - REPLACE",0.30
1114,35,CAR,"SENSOR, AIR CLEANER TEMP - REPLACE",0.30
1115,35,CAR,"SENSOR, AIR CONTROL - REPLACE",0.30
1116,35,CAR,"SENSOR, ANTI-LOCK BRAKE FLUID - REPLACE",0.35
1117,35,CAR,"SENSOR, ANTI-LOCK FRONT WHEEL - REPLACE",0.80
1118,35,CAR,"SENSOR, ANTI-LOCK REAR WHEEL - REPLACE",1.00
1119,35,CAR,"SENSOR, BAROMETRIC - REPLACE",0.50
1120,35,CAR,"SENSOR, CAMSHAFT POSITION - REPLACE",0.60
1121,35,CAR,"SENSOR, CHARGE TEMP - REPLACE",0.30
1122,35,CAR,"SENSOR, COOLANT TEMP - REPLACE",0.50
1123,35,CAR,"SENSOR, CRANKSHAFT POSITION - REPLACE",1.20
1124,35,CAR,"SENSOR, CRUISE CONTROL - REPLACE",1.00
1125,35,CAR,"SENSOR, INPUT/OUTPUT -REPLACE",0.60
1126,35,CAR,"SENSOR, KNOCK - REPLACE",1.50
1127,35,CAR,"SENSOR, MAF (MASS AIR FLOW) - REPLACE",0.60
1128,35,CAR,"SENSOR, MANIFOLD TEMP - REPLACE",0.50
1129,35,CAR,"SENSOR, MAP - REPLACE",0.50
1130,35,CAR,"SENSOR, 02 OXYGEN - REPLACE",0.60
1131,35,CAR,"SENSOR, OIL PRESSURE - REPLACE",0.30
1132,35,CAR,"SENSOR, STEERING ASSY - REPLACE",1.30
1133,35,CAR,"SENSOR, THROTTLE POSITION (TPS) - REPLACE",1.00
1134,35,CAR,"SENSOR, TIRE PRESSURE - REPLACE",1.00
1135,35,CAR,"SENSOR, TRANSMISSION INPUT/OUTPUT SPEED - REPLACE",0.50
1136,35,CAR,"SENSOR, TRANSMISSION RANGE/POSITION/NEUTRAL SAFE",0.40
1137,35,CAR,"SERVO, CRUISE CONTROL - REPLACE",1.00
1138,35,CAR,"SOLENOID, 3 WAY - REPLACE",0.35
1139,35,CAR,"SOLENOID, CANISTER PURGE - REPLACE",0.50
1140,35,CAR,"SOLENOID, EGR CONTROL - REPLACE",0.50
1141,35,CAR,"SOLENOID, MIXTURE CONTROL - REPLACE",1.50
1142,35,CAR,"SOLENOID, TCS - REPLACE",0.30
1143,35,CAR,"SOLENOID, TORQUE CONVERTER - REPLACE",2.20
1144,35,CAR,"SOLENOID, VACUUM REGULATOR",0.30
1145,35,CAR,"SPRING, AIR BAG CLOCK - REPLACE",1.00
1146,35,CAR,"SWITCH ASSY, AIR SUSPENSION - REPLACE",0.50
1147,35,CAR,"SWITCH, ANTI-LOCK - REPLACE",1.30
1148,35,CAR,"SWITCH, ANTI-LOCK PRESSURE - REPLACE",1.50
1149,35,CAR,"SWITCH, BLOWER",0.60
1150,35,CAR,"SWITCH, BRAKE LIGHT- REPLACE",0.60
1151,35,CAR,"SWITCH, BRAKE SENSOR - REPLACE",0.70
1152,35,CAR,"SWITCH, HAZARD - REPLACE",0.80
1153,35,CAR,"SWITCH, MIRROR CONTROL - REPLACE",0.60
1154,35,CAR,"SWITCH, PARK BRAKE LIGHT - REPLACE",0.50
1155,35,CAR,"SWITCH, POWER SEAT - REPLACE",0.50
1156,35,CAR,"SWITCH, POWER STEERING PRESSURE - REPLACE",0.80
1157,35,CAR,"SWITCH, POWER WINDOW - REPLACE",0.50
1158,35,CAR,"SWITCH, POWER WINDOW - REPLACE",0.50
1159,35,CAR,"SWITCH, QUARTER WINDOW - REPLACE",0.60
1160,35,CAR,"SWITCH, REAR POWER WINDOW - REPLACE",0.90
1161,35,CAR,"SWITCH, SEAT BELT LIMIT - REPLACE",0.50
1162,35,CAR,"SWITCH, SEAT BELT RELEASE - REPLACE",1.00
1163,35,CAR,"SWITCH, TAIL GATE WINDOW - REPLACE",0.50
1164,35,CAR,"SWITCH, THERMAL VACUUM - REPLACE",0.40
1165,35,CAR,"SWITCH, THERMO COOLANT FAN - REPLACE",0.40
1166,35,CAR,"SWITCH, WINDSHIELD WASHER - REPLACE",1.20
1167,35,CAR,TEMP SENDING UNIT - REPLACE,0.40
1168,35,CAR,"TRANSDUCER, BACK PRESSURE - REPLACE",0.70
1169,35,CAR,TRANSMISSION SHIFT SOLENOID PACK - REPLACE,0.90
1170,35,CAR,"WIRE, HORN FUSIBLE LINK - REPLACE",0.30
1171,41,CAR,"FILTER, AIR - REPLACE",0.20
1172,41,CAR,"HOUSING, AIR FILTER - REPLACE",0.50
1173,42,CAR,"COOLING SYSTEM, DRAIN AND FILL",0.60
1174,42,CAR,"COOLING SYSTEM, FLUSH",0.80
1175,42,CAR,"FAN, ENGINE COOLING - REPLACE",1.00
1176,42,CAR,"PUMP, WATER - REPLACE",2.20
1177,42,CAR,RADIATOR - REPLACE,2.30
1178,42,CAR,"RESERVOIR, COOLANT - REPLACE",0.60
1179,42,CAR,THERMOSTAT OR HOUSING - REPLACE,0.70
1180,43,CAR,"BELT, AIR PUMP - REPLACE",0.50
1181,43,CAR,"CONVERTER, CATALYTIC - REPLACE",1.40
1182,43,CAR,EXHAUST MANIFOLD OR GASKET (FRONT) - REPLACE,1.00
1183,43,CAR,EXHAUST MANIFOLD OR GASKET (REAR) - REPLACE,2.50
1184,43,CAR,"EXHAUST PIPE, CROSSOVER - REPLACE",0.90
1185,43,CAR,"EXHAUST PIPE, EXTENSION - REPLACE",0.60
1186,43,CAR,"EXHAUST SYSTEM, COMPLETE - REPLACE",1.50
1187,43,CAR,"FEEDER, PULSE AIR - REPLACE",0.40
1188,43,CAR,"HANGER, EXHAUST SYSTEM - REPLACE",0.50
1189,43,CAR,"MODULATOR, EGR - REPLACE",0.90
1190,43,CAR,"MUFFLER, EXHAUST - REPLACE",0.40
1191,43,CAR,"PUMP, AIR - REPLACE",0.80
1192,43,CAR,"TUBE, ASPIRATOR - REPLACE",0.80
1193,43,CAR,"TUBE, EGR",0.50
1194,43,CAR,"VALVE, ASPIRATOR - REPLACE",0.30
1195,43,CAR,"VALVE, DECELERATION - REPLACE",0.30
1196,43,CAR,"VALVE, EGR - REPLACE",0.70
1197,43,CAR,"VALVE, EXHAUST MANIFOLD HEAT - REPLACE",0.80
1198,43,CAR,"VALVE, PULSE AIR - REPLACE",0.80
1199,43,CAR,"VALVE, VACUUM DELAY - REPLACE",1.50
1200,44,CAR,AIR FLOW METER - ADJUST,0.30
1201,44,CAR,AIR FLOW METER - REPLACE,2.00
1202,44,CAR,"CABLE, THROTTLE CONTROL - REPLACE",0.60
1203,44,CAR,"DIAPHRAGM, HEATED AIR DOOR - REPLACE",0.40
1204,44,CAR,DRAIN AND REFILL FUEL TANK,0.80
1205,44,CAR,"FILTER, FUEL (IN-LINE) - REPLACE",0.40
1206,44,CAR,"FILTER, FUEL (IN-TANK) - REPLACE",1.00
1207,44,CAR,"HOSE, FUEL RETURN - REPLACE",0.50
1208,44,CAR,"HOSES, VACUUM - REPLACE",1.00
1209,44,CAR,IDLE CONTROL / IAC - REPLACE,0.60
1210,44,CAR,"INJECTOR, FUEL (ONE OR ALL) - REPLACE",1.60
1211,44,CAR,"INJECTORS, FUEL - CLEAN",0.70
1212,44,CAR,"INSPECTION, STATE",0.30
1213,44,CAR,"PLATE, HYDRAULIC SUPPORT - REPLACE",0.90
1214,44,CAR,"PUMP, FUEL - REPLACE",1.30
1215,44,CAR,"RAIL, FUEL - REPLACE",1.80
1216,44,CAR,"REGULATOR, FUEL PRESSURE - REPLACE",1.30
1217,44,CAR,"TANK, FUEL - REPLACE",1.30
1218,44,CAR,THROTTLE POSITION - ADJUST,0.50
1219,45,CAR,"ADAPTER, OIL FILTER 3.3L EGA-EGM ENGINE",0.60
1220,45,CAR,"BELT, SERPENTINE",0.40
1221,45,CAR,"BUSHINGS OR CRADLE, ENGINE - REPLACE",5.50
1222,45,CAR,"CHAIN, TIMING - REPLACE",4.80
1223,45,CAR,"COVER, TIMING - REPLACE",4.20
1224,45,CAR,"ENGINE, 3.3L MULTIPORT Fl - REPLACE WITH COMPLETE A!",11.80
1225,45,CAR,"ENGINE, 3.3L MULTIPORT Fl - REPLACE WITH LONG BLOCK",16.70
1226,45,CAR,"FILTER, CRANKCASE VENT",0.20
1227,45,CAR,"LOF; LUBE, OIL & FILTER - REPLACE",0.30
1228,45,CAR,"GASKET, CYLINDER HEAD - REPLACE BOTH",5.90
1229,45,CAR,"GASKET, FRONT CYLINDER HEAD - REPLACE",3.50
1230,45,CAR,"GASKET, OIL FILTER ADAPTER 0 RING - REPLACE",0.60
1231,45,CAR,"GASKET, REAR CYLINDER HEAD - REPLACE",4.80
1232,45,CAR,"GASKET, TIMING COVER - REPLACE",3.90
1233,45,CAR,"HEAD, CYLINDER - REPLACE BOTH",6.60
1234,45,CAR,"HEAD, FRONT CYLINDER - REPLACE",4.00
1235,45,CAR,"HEAD, REAR CYLINDER - REPLACE",5.30
1236,45,CAR,"MANIFOLD, LOWER INTAKE OR GASKET - REPLACE",2.90
1237,45,CAR,"MANIFOLD, UPPER INTAKE PLENUM OR GASKET - REPLACE",2.00
1238,45,CAR,"MOUNT, ENGINE ( RIGHT) - REPLACE",0.50
1239,45,CAR,"MOUNT, ENGINE (FRONT) - REPLACE",0.50
1240,45,CAR,"MOUNT, ENGINE (REAR) - REPLACE",0.70
1241,45,CAR,"MOUNT, TRANSMISSION (LEFT) - REPLACE",0.80
1242,45,CAR,"PAN OR GASKET, OIL - REPLACE",0.90
1243,45,CAR,"PLUG, FREEZE (ONE) - REPLACE",0.50
1244,45,CAR,"PUMP, OIL - REPLACE",3.70
1245,45,CAR,"SEAL, CRANKSHAFT - REPLACE",1.20
1246,45,CAR,"SEAL, REAR MAIN - REPLACE",5.10
1247,45,CAR,"SHROUD, FAN -REPLACE",0.70
1248,45,CAR,"TENSIONER, BELT - REPLACE",0.90
1249,45,CAR,"TUBE, OIL DIPSTICK - REPLACE",0.90
1250,45,CAR,TUNE UP (MAJOR),1.90
1251,45,CAR,"VALVE, PCV - REPLACE",0.20
1252,98,CAR,PMI LIGHT DELIVERY (A-INSPECTION),1.20
1253,98,CAR,PMI LIGHT DELIVERY (B-INSPECTION),2.70
1254,13,FFV,"INSPECT, ADJUST, & CLEAN BRAKES",0.50
1255,13,LLV,"INSPECT, ADJUST, & CLEAN BRAKES",0.50
1256,33,LLV,"COIL, IGNITION - REPLACE",0.60
1257,33,LLV,"MODULE, IGNITION - REPLACE",0.60
1258,33,LLV,"SWITCH, IGNITION - REPLACE",0.60
